word,noun,adjective,verb,phrasal verb,adverb
a,1,0,0,0,0
a cappella,0,1,0,0,1
A & E,1,0,0,0,0
a fortiori,0,1,0,0,1
à la carte,0,1,0,0,1
à la,0,0,0,0,0
A level,1,0,0,0,0
à la mode,0,1,0,0,1
a priori,0,1,0,0,1
A share,1,0,0,0,0
A-frame,1,0,0,0,0
A, a,1,0,0,0,0
A-list,1,1,0,0,0
A/B/C share,1,0,0,0,0
aback,0,0,0,0,1
A-lister,1,0,0,0,0
AAA,1,1,0,0,0
abandonment,1,0,0,0,0
ab initio,0,0,0,0,1
AA rating,1,0,0,0,0
abaft,0,0,0,0,1
a/c payee (only),1,0,0,0,0
AAR,0,0,0,0,0
abacus,1,0,0,0,0
abandoned,0,1,0,0,0
ABA,1,0,0,0,0
A1,0,1,0,0,0
A-OK,0,1,0,0,0
a/s/l,0,0,0,0,0
a/r,0,1,0,0,0
A.N. Other,1,0,0,0,0
A2,1,0,0,0,0
AB,1,0,0,0,0
A-line,0,1,0,0,0
abandonware,1,0,0,0,0
aah,0,0,0,0,0
abandoning,0,0,1,0,0
AA,1,1,0,0,0
A5,1,0,0,0,0
aardvark,1,0,0,0,0
A/D,0,0,0,0,1
a/c,1,0,0,0,0
A/S,0,0,0,0,1
A3,1,0,0,0,0
A4,1,0,0,0,0
abalone,1,0,0,0,0
ABAP,1,0,0,0,0
abased,0,0,1,0,0
abasement,1,0,0,0,0
abate,0,0,1,0,0
abated,0,0,1,0,0
abating,0,0,1,0,0
abaya,1,0,0,0,0
abattoir,1,0,0,0,0
abasing,0,0,1,0,0
abashed,0,1,0,0,0
abase,0,0,1,0,0
abbey,1,0,0,0,0
abbreviation,1,0,0,0,0
ABC analysis,1,0,0,0,0
ABC,1,0,0,0,0
ABC1,1,0,0,0,0
abdicated,0,0,1,0,0
abdominis,0,1,0,0,0
abdicate,1,0,1,0,0
abbreviate,0,1,1,0,0
abdomen,1,1,0,0,0
abbreviated accounts,1,0,0,0,0
abbot,1,0,0,0,0
abbess,1,0,0,0,0
abdication,1,0,0,0,0
abductor,1,0,0,0,0
abduction,1,0,0,0,0
abandon,1,0,1,0,0
Aberdeen,1,0,0,0,0
ABC method,1,0,0,0,0
aberrant,0,1,0,0,0
abet,0,0,1,0,0
abatement,1,0,0,0,0
abbreviated,0,1,0,0,0
Aberdeen City,1,0,0,0,0
abbreviating,0,0,1,0,0
ABCs,0,0,0,0,0
abdicating,0,0,1,0,0
abdominal,0,1,0,0,0
abdominals,1,0,0,0,0
abducted,0,0,1,0,0
abduct,1,0,1,0,0
aberration,1,0,0,0,0
Aberdeenshire,1,0,0,0,0
abducting,0,0,1,0,0
Aberdonian,1,1,0,0,0
abetment,1,0,0,0,0
abeyance,1,0,0,0,0
abettor,1,0,0,0,0
abhorred,0,0,0,0,0
abatement order,1,0,0,0,0
aboard,0,0,0,0,1
Abominable Snowman,1,0,0,0,0
abiding,0,1,0,0,0
abode,1,0,0,0,0
abhor,1,1,1,0,0
ablate,0,0,1,0,0
abolished,0,0,1,0,0
abide,0,0,1,1,0
abominated,0,0,1,0,0
Abo,1,0,0,0,0
abhorrent,0,1,0,0,0
abominate,0,0,1,0,0
abided,0,0,1,0,0
abominably,0,0,0,0,1
abiotic,0,1,0,0,0
abolitionist,1,0,0,0,0
ablution,1,0,0,0,0
abnegation,1,0,0,0,0
ablative,1,1,0,0,0
abjuring,0,0,1,0,0
abominable,0,1,0,0,0
abolishing,0,0,1,0,0
abnegate,0,0,1,0,0
ablaze,0,1,0,0,0
abhorring,0,0,0,0,0
ableism,1,0,0,0,0
abnormality,1,0,0,0,0
abolish,0,0,1,0,0
abjure,0,0,1,0,0
abhorrence,1,0,0,0,0
able seaman,1,0,0,0,0
ability to pay principle,1,0,0,0,0
abject,0,1,0,0,0
ability,1,0,0,0,0
abolition,1,0,0,0,0
abjured,0,0,1,0,0
ableist,0,1,0,0,0
able,0,1,0,0,1
Aborigine,1,0,0,0,0
abnormal,1,1,0,0,1
abomination,1,0,0,0,0
Aboriginal,1,1,0,0,0
ably,0,0,0,0,1
abort,1,1,1,0,0
about-turn,1,0,0,0,0
abjectly,0,0,0,0,1
abruptness,1,0,0,0,0
abortionist,1,0,0,0,0
aborting,0,0,1,0,0
abounding,0,0,1,0,0
abounded,0,0,1,0,0
above par,0,1,0,0,0
above,0,1,0,0,1
abreast,0,0,0,0,1
abrading,0,0,1,0,0
abrade,0,0,1,0,0
abound,0,0,1,0,0
abrasive,1,1,0,0,0
above-mentioned,0,1,0,0,0
about-face,1,0,0,0,0
aboveboard,0,1,0,0,0
abridgment,1,0,0,0,0
abrogation,1,0,0,0,0
abracadabra,0,0,0,0,0
abortion,1,0,0,0,0
abridging,0,0,1,0,0
abrasion,1,0,0,0,0
abridge,0,1,1,0,0
abroad,0,0,0,0,1
abrogated,0,0,1,0,0
abnormally,0,0,0,0,1
aborted,0,0,1,0,0
Abrahamic,0,1,0,0,0
above the fold,0,1,0,0,1
abrasiveness,1,0,0,0,0
abrasively,0,0,0,0,1
above board,0,1,0,0,1
abraded,0,0,1,0,0
about,0,1,0,0,1
abrupt,0,1,0,0,1
abrogating,0,0,1,0,0
abruptly,0,0,0,0,1
abrogate,0,0,1,0,0
abs,1,0,0,0,0
abscission,0,0,0,0,0
abscess,1,0,0,0,0
above-the-line,0,1,0,0,1
absent-minded,0,1,0,0,0
abscissa,1,0,0,0,0
abortive,0,1,0,0,0
absolute zero,1,0,0,0,0
absolution,1,0,0,0,0
absolute ownership,1,0,0,0,0
absolute,0,1,0,0,0
absence,1,1,0,0,1
above-average,0,1,0,0,0
absconded,0,0,1,0,0
absently,0,0,0,0,1
absconding,0,0,1,0,0
absolute advantage,1,0,0,0,0
absinthe,1,0,0,0,0
absolved,0,0,1,0,0
absolute auction,1,0,0,0,0
abscond,0,0,1,0,0
absolute monopoly,1,0,0,0,0
absentee vote,1,0,0,0,0
absolutely,0,0,0,0,1
absolutism,1,0,0,0,0
abridged,0,1,0,0,0
absconder,1,0,0,0,0
absolute minimum,1,0,0,0,0
absentee landlord,1,0,0,0,0
absolute majority,1,0,0,0,0
absent,0,1,1,0,0
abseil,1,0,1,0,0
abseiled,1,0,1,0,0
abuser,1,0,0,0,0
abutment,1,0,0,0,0
abstemiously,0,0,0,0,1
absent-mindedly,0,0,0,0,1
abut,0,0,1,0,0
absolute title,1,0,0,0,0
absurd,1,1,0,0,0
abusive,0,1,0,0,0
absorbent,0,1,0,0,0
abundance,1,0,0,0,0
absorbed,0,1,0,0,0
absolute trust,1,0,0,0,0
abysmally,0,0,0,0,1
absentee,1,0,0,0,0
absentee ballot,1,0,0,0,0
abuzz,0,1,0,0,0
absquatulate,0,0,1,0,0
absolute maximum,1,0,0,0,0
abstract of title,1,0,0,0,0
accelerated,0,1,0,0,0
academy,1,0,0,0,0
accent,1,0,1,0,0
accentuation,1,0,0,0,0
abseiling,1,0,0,0,0
acceptance sampling,1,0,0,0,0
abyss,1,0,0,0,0
absolve,0,0,1,0,0
abstruse,0,1,0,0,0
accelerated death benefit,1,0,0,0,0
abuse,1,0,1,0,0
academic year,1,0,0,0,0
absorptive,0,1,0,0,0
ACA,1,0,0,0,0
ACAS,1,0,0,0,0
.ac.uk,0,0,0,0,0
acceptance bank,1,0,0,0,0
acacia,1,0,0,0,0
academically,0,0,0,0,1
abstaining,0,0,1,0,0
abyssal,0,1,0,0,0
abstention,1,0,0,0,0
ABTA,1,0,0,0,0
abundant,0,1,0,0,0
absorb,0,0,1,0,0
academic,1,1,0,0,0
absolute value,1,0,0,0,0
absolving,0,0,1,0,0
acceleration,1,0,0,0,0
accelerant,1,0,0,0,0
abstract,1,1,0,0,0
accelerate,0,0,1,0,0
absurdly,0,0,0,0,1
accelerometer,1,0,0,0,0
accept,0,0,1,0,0
accenting,0,0,1,0,0
academics,0,0,0,0,0
acceptable,0,1,0,0,0
accentuated,0,0,1,0,0
abstract noun,1,0,0,0,0
abstractly,0,0,0,0,1
abusing,0,0,1,0,0
absorption rate,1,0,0,0,0
accented,0,1,0,0,0
acceptability,1,0,0,0,0
abstracted,0,1,0,0,0
abutted,0,0,0,0,0
abstainer,1,0,0,0,0
abutting,0,0,0,0,0
accelerator,1,0,0,0,0
AC,1,0,0,0,0
absenteeism,1,0,0,0,0
academe,1,0,0,0,0
accede,0,0,1,1,0
abstain,0,0,1,0,0
absorption costing,1,0,0,0,0
accelerating,0,0,1,0,0
acceptance bonus,1,0,0,0,0
academia,1,0,0,0,0
açaí,1,0,0,0,0
abstemious,0,1,0,0,0
abstractedly,0,0,0,0,1
accelerated depreciation,1,0,0,0,0
absorbency,1,0,0,0,0
absurdity,1,0,0,0,0
academician,1,0,0,0,0
accentuating,0,0,1,0,0
abundantly,0,0,0,0,1
absorbing,0,1,0,0,0
abstained,0,0,1,0,0
absorption,1,0,0,0,0
accelerated payment,1,0,0,0,0
accentuate,0,0,1,0,0
Academy Award,1,0,0,0,0
acceptance,1,0,0,0,0
acceptor,1,0,0,0,0
access control,1,0,0,0,0
acceptance trial,1,0,0,0,0
accessorius,1,0,0,0,0
accepting house,1,0,0,0,0
access provider,1,0,0,0,0
accident and health benefit,1,0,0,0,0
access course,1,0,0,0,0
acclimatized,0,0,1,0,0
accessorizing,0,0,1,0,0
accident-prone,0,1,0,0,0
accepting,0,0,1,0,0
accha,0,0,0,0,0
accident insurance,1,0,0,0,0
access point,1,0,0,0,0
accidental,1,1,0,0,0
acclaimed,0,1,0,0,0
accessory,1,0,0,0,0
accident,1,1,0,0,1
acclamation,1,0,0,0,0
accidentally,0,0,0,0,1
acclimatize,0,0,1,0,0
accessing,0,0,1,0,0
accidental death,1,0,0,0,0
acclivity,1,0,0,0,0
accessible,0,1,0,0,0
accessorized,0,0,1,0,0
accidental death benefit,1,0,0,0,0
access,1,0,1,0,0
accident and emergency,1,0,0,0,0
acclimatizing,0,0,1,0,0
access road,1,0,0,0,0
acclimate,0,0,1,0,0
acclimatization,1,0,0,0,0
ACCA,1,0,0,0,0
abysmal,0,1,0,0,0
accolade,1,0,0,0,0
accepted,0,1,0,0,0
accessed,0,0,1,0,0
accession,1,0,0,0,0
accessibility,1,0,0,0,0
accessory pathway,1,0,0,0,0
accommodate,0,0,1,0,0
accommodated,0,0,1,0,0
accommodation address,1,0,0,0,0
accounting standard,1,0,0,0,0
accomplice,1,0,0,0,0
accompaniment,1,0,0,0,0
accompanied,0,0,1,0,0
accordingly,0,0,0,0,1
accord,1,0,1,0,0
accomplish,0,0,1,0,0
acclaiming,0,1,1,0,0
accommodations,1,0,0,0,0
accompanying,0,1,0,0,0
accompanist,1,0,0,0,0
according,0,0,1,0,0
accorded,0,0,1,0,0
accomplished,0,1,0,0,0
acclaim,1,0,1,0,0
accommodating,0,1,0,0,0
accordance,1,0,0,0,0
accommodation,1,0,0,0,0
accordion,1,0,0,0,0
accountable,1,1,0,0,0
account,0,0,1,1,0
account books,1,0,0,0,0
accomplishing,0,0,1,0,0
account balance,1,0,0,0,0
accomplishment,1,0,0,0,0
accessorize,0,0,1,0,0
accounting rate of return,1,0,0,0,0
according to,0,0,0,0,0
accost,0,0,1,0,0
accosted,0,0,1,0,0
accosting,0,0,1,0,0
accountant,1,0,0,0,0
account executive,1,0,0,0,0
accounting,1,0,0,0,0
account payee (only),1,0,0,0,0
accounting rule,1,0,0,0,0
accounted,0,0,1,0,0
accountability,1,0,0,0,0
accounting period,1,0,0,0,0
accounting ratio,1,0,0,0,0
accounting principle,1,0,0,0,0
accompany,0,0,1,0,0
account manager,1,0,0,0,0
accounting system,1,0,0,0,0
accounting year,1,0,0,0,0
accounts payable ledger,1,0,0,0,0
accounts payable,1,0,0,0,0
accounts receivable ledger,1,0,0,0,0
accountancy,1,0,0,0,0
accounts receivable,1,0,0,0,0
accumulated amortization,1,0,0,0,0
accrued expense,1,0,0,0,0
accumulate,1,0,1,0,0
accredit,0,0,1,0,0
accumulated retained earnings,1,0,0,0,0
accrued income,1,0,0,0,0
accretion,1,0,0,0,0
accrued charge,1,0,0,0,0
accumulated value,1,0,0,0,0
accumulation,1,0,0,0,0
accrual,1,0,0,0,0
accurately,0,0,0,0,1
accreditation,1,1,0,0,0
accounts,1,0,0,0,0
accoutrements,1,0,0,0,0
accrued interest,1,0,0,0,0
accusatory,0,1,0,0,0
accrue,0,0,1,0,0
accustom,0,1,1,0,0
accumulation unit,1,0,0,0,0
accrual accounting,1,0,0,0,0
acculturation,1,0,0,0,0
accrued depreciation,1,0,0,0,0
accumulating,0,0,1,0,0
accusation,1,0,0,0,0
accretive,0,1,0,0,0
accuse,1,0,1,0,0
acetaminophen,1,0,0,0,0
acct.,1,0,0,0,0
accumulated loss,1,0,0,0,0
accrete,0,0,1,0,0
accrual method,1,0,0,0,0
accrued cost,1,0,0,0,0
accrediting,0,0,1,0,0
acculturate,0,0,1,0,0
ace,1,1,1,0,0
accruals accounting,1,0,0,0,0
accusative,1,1,0,0,0
achalasia,1,0,0,0,0
accruals basis,1,0,0,0,0
accrued liability,1,0,0,0,0
accrual basis,1,0,0,0,0
accrued,0,0,1,0,0
accrued benefits,1,0,0,0,0
accumulated profit,1,0,0,0,0
accuser,1,0,0,0,0
accumulator,1,0,0,0,0
accursed,0,1,0,0,0
accumulative,0,1,0,0,0
achieve,0,1,1,0,0
acetic acid,1,0,0,0,0
accruing,0,0,1,0,0
accusing,0,1,0,0,0
acer,1,0,0,0,0
accuracy,1,0,0,0,0
acetabula,0,0,0,0,0
accusingly,0,0,0,0,1
accumulated dividend,1,0,0,0,0
acetate,1,0,0,0,0
accumulated,0,0,1,0,0
achiever,1,0,0,0,0
accredited,0,1,0,0,0
ached,0,0,1,0,0
achieved,0,0,1,0,0
achievement,1,0,0,0,0
acetone,1,0,0,0,0
ache,1,0,1,0,0
acerbity,1,0,0,0,0
accurate,0,1,0,0,1
Achilles tendon,1,0,0,0,0
accumulated depreciation,1,0,0,0,0
accumulated fund,1,0,0,0,0
achieving,0,0,1,0,0
accustomed,0,1,0,0,0
Achilles heel,1,0,0,0,0
achkan,1,0,0,0,0
achingly,0,0,0,0,1
accumulated deficit,1,0,0,0,0
aching,0,0,1,0,0
acetabular,0,1,0,0,0
acerbic,0,1,0,0,0
acidify,0,0,1,0,0
acetylene,1,0,0,0,0
acidified,0,0,1,0,0
achievement test,1,0,0,0,0
achy,0,1,0,0,0
achoo,0,0,0,0,0
acid-free,0,1,0,0,0
acoustically,0,0,0,0,1
acid salt,1,0,0,0,0
acoustic,1,1,0,0,0
acid reflux,1,0,0,0,0
acidophilus,1,0,0,0,0
acidity,1,0,0,0,0
acid test ratio,1,0,0,0,0
acid jazz,1,0,0,0,0
acid rain,1,0,0,0,0
acidly,0,0,0,0,1
acknowledging,0,0,1,0,0
acknowledgments,0,0,0,0,0
acidification,1,0,0,0,0
acoustics,1,0,0,0,0
acquaint,0,0,1,1,0
acknowledgement of debt,1,0,0,0,0
acquaintance,1,0,0,0,0
acidulous,0,1,0,0,0
acquiescence,1,0,0,0,0
acquiesced,0,0,1,0,0
acid,1,1,0,0,0
acid ratio,1,0,0,0,0
acquiesce,1,0,1,0,0
acquit,0,0,1,0,0
acquired taste,1,0,0,0,0
acquirer,1,0,0,0,0
acquainted,0,1,0,0,0
acorn,1,0,0,0,0
acquaintanceship,1,0,0,0,0
acquiescent,0,1,0,0,0
acidic,0,1,0,0,0
acquire,0,0,1,0,0
acknowledgment,1,0,0,0,0
acknowledgement,1,0,0,0,0
acolyte,1,0,0,0,0
acropolis,1,0,0,0,0
acquihire,1,0,1,0,0
activation,1,0,0,0,0
Act of Congress,1,0,0,0,0
act,0,0,1,1,0
action item,1,0,0,0,0
active bond,1,0,0,0,0
activating,0,0,1,0,0
acreage,1,0,0,0,0
acquisitive,0,1,0,0,0
acoustic neuroma,1,0,0,0,0
acquisitor,1,0,0,0,0
action point,1,0,0,0,0
acquisitiveness,1,0,0,0,0
acinic cell carcinoma,1,0,0,0,0
acne,1,0,0,0,0
acrylamide,1,0,0,0,0
action replay,1,0,0,0,0
acidifying,0,0,1,0,0
actionable,0,1,0,0,0
across,0,0,0,0,1
activated,0,0,1,0,0
acrobatics,1,0,0,0,0
action,1,0,1,0,0
action figure,1,0,0,0,0
acrostic,1,0,0,0,0
acrolect,1,0,0,0,0
acromial,0,1,0,0,0
acrimoniously,0,0,0,0,1
Active Corps of Executives,1,0,0,0,0
acrimony,1,0,0,0,0
acquiescing,0,0,1,0,0
acrobatic,0,1,0,0,0
action stations,1,0,0,0,0
acquittal,1,0,0,0,0
activate,1,0,1,0,0
acquiring,0,0,1,0,0
acromion,1,0,0,0,0
actioned,0,0,1,0,0
action movie,1,0,0,0,0
acrophobia,1,0,0,0,0
acquiror,1,0,0,0,0
actioning,0,0,1,0,0
acquisition,1,0,0,0,0
active,1,1,0,0,1
acrid,0,1,0,0,0
action group,1,0,0,0,0
actinium,1,0,0,0,0
act of God,1,0,0,0,0
across-the-board,0,1,0,0,1
Act of Parliament,1,0,0,0,0
actioner,1,0,0,0,0
act of bankruptcy,1,0,0,0,0
action learning,1,0,0,0,0
acral lentiginous melanoma,1,0,0,0,0
action plan,1,0,0,0,0
acting,1,1,0,0,0
active immunity,1,0,0,0,0
action-oriented,0,1,0,0,0
act,0,0,1,1,0
active partner,1,0,0,0,0
acrolein,1,0,0,0,0
action-packed,0,1,0,0,0
active surveillance,1,0,0,0,0
acronym,1,0,0,0,0
actuarial risk,1,0,0,0,0
actuated,0,0,1,0,0
acquisition cost,1,0,0,0,0
activity sampling,1,0,0,0,0
actuation,1,0,0,0,0
actuate,0,0,1,0,0
actualize,0,0,1,0,0
acutely,0,0,0,0,1
acumen,1,0,0,0,0
activism,1,0,0,0,0
acupuncture,1,0,0,0,0
actual total loss,1,0,0,0,0
actively,0,0,0,0,1
acrimonious,1,1,0,0,0
actuary,1,0,0,0,0
actually,0,0,0,0,1
actuarial,0,1,0,0,0
actuality,1,0,0,0,0
actual loss,1,0,0,0,0
actual damages,1,0,0,0,0
activewear,1,0,0,0,0
activity,1,0,0,0,0
actual price,1,0,0,0,0
activist,1,0,0,0,0
acuteness,1,0,0,0,0
actual,1,1,0,0,0
ad,1,1,0,0,1
actress,1,0,0,0,0
active population,1,0,0,0,0
ADA,1,0,0,0,0
ad-free,0,1,0,0,0
actuating,0,0,1,0,0
ad hockery,1,0,0,0,0
acuity,1,0,0,0,0
ad litem,0,1,0,0,0
activity holiday,1,0,0,0,0
ad agency,1,0,0,0,0
ad hoc,0,1,0,0,1
actor,1,0,0,0,0
ad hominem,0,1,0,0,1
ad infinitum,0,0,0,0,1
actuator,1,0,0,0,0
ad-blocking,1,0,0,0,0
ad-libbing,0,0,0,0,0
add,0,0,1,1,0
ad hocism,1,0,0,0,0
adamantine,0,1,0,0,0
ad lib,0,1,1,0,1
adamant,0,1,0,0,1
ad valorem,0,1,0,0,0
active trust,1,0,0,0,0
active trading,1,0,0,0,0
add-on,1,1,1,1,0
add-on interest,1,0,0,0,0
adapted,0,1,0,0,0
added,0,1,0,0,0
adamantly,0,0,0,0,1
adagio,1,1,0,0,1
ad view,1,0,0,0,0
adapting,0,0,1,0,0
acute,1,1,0,0,1
added value,1,1,0,0,0
adaptive,0,1,0,0,0
ad-supported software,1,0,0,0,0
adapt,0,1,1,0,0
addy,1,0,0,0,0
addle,0,0,1,0,0
addict,1,0,0,0,0
added time,1,0,0,0,0
adenoids,1,0,0,0,0
adaptable,0,1,0,0,0
addressing,0,0,1,0,0
adenine,1,0,0,0,0
address book,1,0,0,0,0
addition reaction,1,0,0,0,0
addenda,0,0,0,0,0
Adam,1,0,0,0,0
adept,0,1,0,0,0
adage,1,0,0,0,0
addition sign,1,0,0,0,0
ad-blocker,1,0,0,0,0
ADC,1,0,0,0,0
address,1,0,1,0,0
additional,0,1,0,0,0
addictive,0,1,0,0,0
addendum,1,0,0,0,0
adduce,0,0,1,0,0
adenoma hyperplastic nodules,1,0,0,0,0
adducing,0,0,1,0,0
ADB,1,0,0,0,0
ad nauseam,0,0,0,0,1
ad-libbed,0,0,0,0,0
Adam's apple,1,0,0,0,0
additional damages,1,0,0,0,0
adaptation,1,0,0,0,0
adapter,1,0,0,0,0
adaptability,1,0,0,0,0
adduct,0,0,1,0,0
addiction,1,1,0,0,0
add,0,0,1,1,0
adding,0,0,1,0,0
adder,1,0,0,0,0
addictiveness,1,0,0,0,0
adeptly,0,0,0,0,1
addicted,0,1,0,0,0
adduction,1,0,0,0,0
adequate,1,1,0,0,1
addressee,1,0,0,0,0
adductor,1,0,0,0,0
adduced,0,0,1,0,0
additive inverse,1,0,0,0,0
additionality,1,0,0,0,0
adhere,0,0,1,1,0
adequacy,1,0,0,0,0
addling,0,0,1,0,0
additionally,0,0,0,0,1
ADHD,1,0,0,0,0
adieu,0,0,0,0,0
adenovirus,1,0,0,0,0
adequately,0,0,0,0,1
addressed,0,0,1,0,0
adhocracy,1,0,0,0,0
adherence,1,0,0,0,0
adjacent,0,1,0,0,0
adjoining,0,1,0,0,0
adhered,0,0,1,0,0
additive,1,0,0,0,0
adjective,1,1,0,0,0
adjourn,1,0,1,0,0
adhesion,1,0,0,0,0
adjoin,0,0,1,0,0
adherent,1,1,0,0,0
adj,1,0,0,0,0
adhering,0,0,1,0,0
adipose,0,1,0,0,0
adjacency,1,0,0,0,0
adjectivally,0,0,0,0,1
adjacent angle,1,0,0,0,0
adiabatic,0,1,0,0,0
adjourning,0,0,1,0,0
adjudging,0,0,1,0,0
adhesive,1,1,0,0,0
adjectival,0,1,0,0,0
adjournment,1,0,0,0,0
adjudicate,0,0,1,0,0
adjourned,0,0,1,0,0
adjudication,1,0,0,0,0
adjudge,0,0,1,0,0
adios,0,0,0,0,0
adjure,0,0,1,0,0
adjudicated,0,0,1,0,0
adjoined,0,0,1,0,0
adjured,0,0,1,0,0
admiring,0,1,0,0,0
adjusted gross income,1,0,0,0,0
adjunct,1,0,0,0,0
adjustable rate mortgage,1,0,0,0,0
adjuster,1,0,0,0,0
adjustable peg,1,0,0,0,0
adjustable,0,1,0,0,0
adjustment factor,1,0,0,0,0
administration order,1,0,0,0,0
admiration,1,0,0,0,0
admire,1,1,1,0,1
admiral,1,0,0,0,0
adjuring,0,0,1,0,0
administer,0,0,1,0,0
adjustable spanner,1,0,0,0,0
adman,1,0,0,0,0
admin,1,0,0,0,0
admissible,1,1,0,0,0
admiringly,0,0,0,0,1
Admiralty court,1,0,0,0,0
adjuvant,1,1,0,0,0
adjustment,1,0,0,0,0
adjusted share price,1,0,0,0,0
ADL,1,0,0,0,0
administrative tribunal,1,0,0,0,0
administrative leave,1,0,0,0,0
administrate,0,0,1,0,0
admissibility,1,0,0,0,0
admission of liability,1,0,0,0,0
adjutant,1,0,0,0,0
administrator,1,0,0,0,0
admit,0,0,1,1,0
adjusting,0,0,1,0,0
adjustment account,1,0,0,0,0
admirer,1,0,0,0,0
administered,0,0,1,0,0
admired,0,0,1,0,0
administratively,0,0,0,0,1
admittance,1,0,0,0,0
admirably,0,0,0,0,1
administrative,0,1,0,0,0
adjustable rate,1,0,0,0,0
adopt,0,0,1,0,0
admitted,0,0,0,0,0
administering,0,0,1,0,0
adoption curve,1,0,0,0,0
adjusted,0,0,1,0,0
admonishing,0,0,1,0,0
adolescent,1,1,0,0,0
admittedly,0,0,0,0,1
adjudicator,1,0,0,0,0
adoringly,0,0,0,0,1
admixture,1,0,0,0,0
admirable,0,1,0,0,0
adjustment disorder,1,0,0,0,0
administrative assistant,1,0,0,0,0
adorning,0,0,1,0,0
adorbs,0,1,0,0,0
adjustor,1,0,0,0,0
admonitory,0,1,0,0,0
adland,1,0,0,0,0
adoptive,0,1,0,0,0
ado,1,0,0,0,0
adnexal,0,1,0,0,0
adrenal medulla,1,0,0,0,0
admonish,1,0,1,0,0
admonition,1,0,0,0,0
adorable,0,1,0,0,0
adolescence,1,0,0,0,0
ADR,1,0,0,0,0
adrenal gland,1,0,0,0,0
adornment,1,0,0,0,0
adoring,0,1,0,0,0
adjust,1,1,1,0,0
admission,1,0,0,0,0
adobe,1,0,0,0,0
adopter,1,0,0,0,0
adrenaline,1,0,0,0,0
adrenalectomy,1,0,0,0,0
admissions,0,0,0,0,0
adopting,0,0,1,0,0
administration,1,1,0,0,1
adrenalin,1,0,0,0,0
adroitly,0,0,0,0,1
ADS,1,0,0,0,0
adrenoleukodystrophy,1,0,0,0,0
adsorption,1,0,0,0,0
admonished,0,0,1,0,0
adulterous,0,1,0,0,0
ADSL,1,0,0,0,0
adv,1,0,0,0,0
adrift,0,1,0,0,1
adroitness,1,0,0,0,0
adult education,1,0,0,0,0
adulation,1,0,0,0,0
adulterated,0,1,0,0,0
adulatory,0,1,0,0,0
adoration,1,0,0,0,0
advance copy,1,0,0,0,0
adulate,0,0,1,0,0
adumbrate,0,0,1,0,0
adult,1,1,0,0,0
adulting,1,0,0,0,0
advance fee scheme,1,0,0,0,0
adopted,0,1,0,0,0
adsorb,0,0,1,0,0
advancement,1,0,0,0,0
Advanced Encryption Standard,1,0,0,0,0
advance purchase fare,1,0,0,0,0
adore,1,0,1,0,0
Adonis,1,0,0,0,0
adumbrated,0,0,1,0,0
adrenal,0,1,0,0,0
adrenocortical,0,1,0,0,0
advance directive,1,0,0,0,0
advance order,1,0,0,0,0
advance,1,1,1,0,0
adulterate,0,0,1,0,0
adroit,0,1,0,0,1
adultery,1,1,0,0,0
adulteress,1,0,0,0,0
adumbration,1,0,0,0,0
adulterating,0,0,1,0,0
adulteration,1,0,0,0,0
aduki,1,0,0,0,0
adored,0,0,1,0,0
adumbrating,0,0,1,0,0
adsorbent,1,1,0,0,0
adulthood,1,0,0,0,0
ADPKD,1,0,0,0,0
adoption,1,0,0,0,0
adulterer,1,0,0,0,0
adorn,1,0,1,0,0
advancing share,1,0,0,0,0
advance fee,1,0,0,0,0
advancer,1,0,0,0,0
advance/decline line,1,0,0,0,0
admitting,0,0,0,0,0
advanced,0,1,0,0,0
advection,1,0,0,0,0
adrenal cortex,1,0,0,0,0
Advent calendar,1,0,0,0,0
adverse opinion,1,0,0,0,0
advice note,1,0,0,0,0
adventurer,1,0,0,0,0
advertent,0,1,0,0,0
adversely,0,0,0,0,1
adventure,1,0,0,0,0
advert,1,0,0,0,0
advertising-supported software,1,0,0,0,0
advertising board,1,0,0,0,0
advised,0,0,1,0,0
adversary,1,0,0,0,0
adverse balance,1,0,0,0,0
advertiser,1,0,0,0,0
adverse trade balance,1,0,0,0,0
advertorial,1,0,0,0,0
advice,1,0,0,0,0
advisable,0,1,0,0,0
advisedly,0,0,0,0,1
adventitiously,0,0,0,0,1
adverse,0,1,0,0,0
adverbial,0,1,0,0,0
advantageous,0,1,0,0,1
advisability,1,0,0,0,0
adventurous,0,1,0,0,0
advantageously,0,0,0,0,1
advise,1,1,1,0,0
advertising space,1,0,0,0,0
adversity,1,0,0,0,0
advent,1,0,0,0,0
adventitious,0,1,0,0,0
adventurously,0,0,0,0,1
advertising agency,1,0,0,0,0
advertised,0,0,1,0,0
adverse balance of trade,1,0,0,0,0
adventure playground,1,0,0,0,0
advertise,1,0,1,0,0
advertising mix,1,0,0,0,0
advertising campaign,1,0,0,0,0
advancing,0,1,0,0,0
Adventist,1,0,0,0,0
advantage,1,1,0,0,0
advertising,1,0,0,0,0
adverb,1,1,0,0,0
adversarial,0,1,0,0,0
advertisement,1,0,0,0,0
advising,0,0,1,0,0
advisement,1,0,0,0,0
aerial yoga,1,0,0,0,0
adviser,1,0,0,0,0
advocacy,1,0,0,0,0
aerial,1,1,0,0,0
AEI,1,0,0,0,0
AER,1,0,0,0,0
aerobatic,0,1,0,0,0
advisory fee,1,0,0,0,0
aerial root,1,0,0,0,0
aerogramme,1,0,0,0,0
aeolian,0,1,0,0,0
aeration,1,0,0,0,0
aerate,0,0,1,0,0
aegis,1,0,0,0,0
aerobics,1,1,0,0,0
aerie,1,0,0,0,0
advocated,1,0,1,0,0
aeon,1,0,0,0,0
aerated,1,0,1,0,0
Aegean,1,1,0,0,0
aerodynamic,0,1,0,0,0
aerating,1,0,1,0,0
aero-,0,0,0,0,0
aerobic respiration,1,0,0,0,0
aeronautic,0,1,0,0,0
aerator,1,0,0,0,0
advisor,1,0,0,0,0
adware,1,0,0,0,0
aerophone,1,0,0,0,0
aerobatics,1,0,0,0,0
aeronautical,0,1,0,0,0
adzuki,1,0,0,0,0
aerosol,1,0,0,0,0
aerophobia,1,0,0,0,0
aeroplane mode,1,0,0,0,0
aeroplane,1,0,0,0,0
aerial advertising,1,0,0,0,0
advising bank,1,0,0,0,0
aesthete,1,0,0,0,0
aetiology,1,0,0,0,0
aerodrome,1,0,0,0,0
advocating,1,0,1,0,0
advocate,1,0,1,0,0
aerostat,1,0,0,0,0
affiliation order,1,0,0,0,0
affiliating,0,0,1,0,0
affiliated,0,1,0,0,0
affectionate,0,1,0,0,1
aesthetically,0,0,0,0,1
affinity,1,0,0,0,0
affably,0,0,0,0,1
aerotropolis,1,0,0,0,0
aerobe,1,0,0,0,0
AES,1,0,0,0,0
advisory,1,1,0,0,0
affair,1,0,0,0,0
AFC,1,0,0,0,0
affected,0,1,0,0,0
aesthetic,0,1,0,0,1
affability,1,0,0,0,0
adze,1,0,0,0,0
aerobic,0,1,0,0,0
affecting,0,1,0,0,0
afar,0,0,0,0,1
affiliate,1,0,1,0,0
affectation,1,0,0,0,0
affable,0,1,0,0,0
affairs of state,1,0,0,0,0
affidavit,1,0,0,0,0
afferent,0,1,0,0,0
aeronautics,1,0,0,0,0
aerospace,1,1,0,0,0
aerodynamics,1,1,0,0,0
aesthetics,1,0,0,0,0
afaik,0,0,0,0,0
AFDC,0,0,0,0,0
affect,0,0,1,0,0
affectedly,0,0,0,0,1
affection,1,0,0,0,0
affective,0,1,0,0,0
affiliation,1,0,0,0,0
affectionately,0,0,0,0,1
affinal,0,1,0,0,0
AF,0,0,0,0,0
affirmation,1,0,0,0,0
affinity card,1,0,0,0,0
affirmed,1,0,1,0,0
Afghan,1,1,0,0,0
affirmative action,1,0,0,0,0
affirm,1,0,1,0,0
African,1,1,0,0,0
aficionado,1,0,0,0,0
affronting,0,0,1,0,0
affix,1,0,1,0,0
affordance,1,0,0,0,0
affliction,1,0,0,0,0
affirming,1,0,1,0,0
affording,0,0,1,0,0
affordable,0,1,0,0,0
affirmative,1,1,0,0,1
afk,0,0,0,0,0
African Methodist Episcopal,1,1,0,0,0
affixing,0,0,1,0,0
afflicted,0,0,1,0,0
afflicting,0,0,1,0,0
affirmatively,0,0,0,0,1
affluent,1,1,0,0,0
affixed,0,0,1,0,0
Africa,1,0,0,0,0
afford,0,0,1,0,0
afraid,0,1,0,0,0
Afghan hound,1,0,0,0,0
afflict,1,0,1,0,0
affordability,1,0,0,0,0
African American,1,1,0,0,0
affluence,1,0,0,0,0
afforestation,1,0,0,0,0
African Methodist Episcopal Church,1,0,0,0,0
aflame,0,1,0,0,0
affront,1,0,1,0,0
afield,0,0,0,0,1
afforded,0,0,1,0,0
affricate,1,0,0,0,0
affluenza,1,0,0,0,0
affronted,0,0,1,0,0
Afghanistan,1,0,0,0,0
Afrikaans,1,0,0,0,0
afore,0,0,0,0,1
afoul,0,0,0,0,1
aflutter,0,1,0,0,0
African violet,1,0,0,0,0
afloat,0,1,0,0,0
Afro,1,0,0,0,0
aforementioned,1,1,0,0,0
afresh,0,0,0,0,1
after date,0,0,0,0,1
afoot,0,1,0,0,0
Afro-Caribbean,1,1,0,0,0
agammaglobulinemia,1,0,0,0,0
afterparty,1,0,1,0,0
Afrikaner,1,0,0,0,0
aftereffect,1,0,0,0,0
after sales,0,1,0,0,0
aft,0,1,0,0,1
after-tax,0,1,0,0,0
after sight,0,0,0,0,1
afterglow,1,0,0,0,0
Aga saga,1,0,0,0,0
after-hours trading,1,0,0,0,0
aftertaste,1,0,0,0,0
AG,1,0,0,0,0
aftermath,1,0,0,0,0
aftercare,1,0,0,0,0
afternoons,0,0,0,0,1
aftermarket,1,0,0,0,0
afterward,0,0,0,0,1
against all risks,0,0,0,0,1
aftershave,1,0,0,0,0
afterthought,1,0,0,0,0
afterbirth,1,0,0,0,0
affray,1,0,0,0,0
again,0,0,0,0,1
aftershock,1,0,0,0,0
after-hours price,1,0,0,0,0
afterwards,0,0,0,0,1
Aga,1,0,0,0,0
afternoon,1,0,0,0,0
agape,0,1,0,0,0
again and again,0,0,0,0,1
afterlife,1,0,0,0,0
afters,1,0,0,0,0
afternoon tea,1,0,0,0,0
against,0,0,0,0,0
agar,1,0,0,0,0
agarbatti,1,0,0,0,0
agent bank,1,0,0,0,0
agency labour,1,0,0,0,0
agents provocateurs,0,0,0,0,0
agender,0,1,0,0,0
age group,1,0,0,0,0
ages,0,0,0,0,0
aggrandizement,1,0,0,0,0
agave nectar,1,0,0,0,0
age profile,1,0,0,0,0
aggravating,0,1,0,0,0
agate,1,0,0,0,0
agglomeration,1,0,0,0,0
aggravated,0,0,1,0,0
aggravation,1,0,0,0,0
aggrandize,0,0,1,0,0
age limit,1,0,0,0,0
aggregate planning,1,0,0,0,0
aged,1,1,0,0,0
agent of necessity,1,0,0,0,0
agent provocateur,1,0,0,0,0
agave,1,0,0,0,0
aggravated assault,1,0,0,0,0
agency broker,1,0,0,0,0
age spot,1,0,0,0,0
after,0,0,0,0,1
ageless,0,1,0,0,0
aggravated burglary,1,0,0,0,0
aggregate demand,1,0,0,0,0
age,1,0,1,0,0
age-barred,0,1,0,0,0
aggressive growth fund,1,0,0,0,0
ageing,0,1,0,0,0
aggressor,1,0,0,0,0
agitating,0,1,1,0,0
age discrimination,1,0,0,0,0
aggregator,1,0,0,0,0
aggression,1,0,0,0,0
age-old,0,1,0,0,0
aggressively,0,0,0,0,1
AGI,1,0,0,0,0
agitate,1,0,1,0,0
agitation,1,0,0,0,0
aggregate,1,1,1,0,0
age-related macular degeneration,1,0,0,0,0
agent of change,1,0,0,0,0
ago,0,0,0,0,1
aggro,1,0,0,0,0
aging schedule,1,0,0,0,0
agonize,0,0,1,1,0
aggressive accounting,1,0,0,0,0
Age of Exploration,1,0,0,0,0
agnosticism,1,0,0,0,0
aglow,0,1,0,0,0
aggregating,1,0,1,0,0
ageism,1,0,0,0,0
agist,0,1,0,0,0
aggressiveness,1,0,0,0,0
agony,1,0,0,0,0
aggrieved,0,1,0,0,0
aggrieve,0,0,1,0,0
agent,1,0,0,0,0
aggregation,1,0,0,0,0
agile,1,1,0,0,0
agnosia,1,0,0,0,0
aghast,0,1,0,0,0
agio,1,0,0,0,0
age-appropriate,0,1,0,0,0
age-associated memory impairment,1,0,0,0,0
agitator,1,0,0,0,0
agonist,1,0,0,0,0
agency,1,0,0,0,0
agog,0,1,0,0,0
agnostic,1,1,0,0,0
aggregate score,1,0,0,0,0
agility,1,0,0,0,0
agin,0,0,0,0,0
agnogenic myeloid metaplasia,1,0,0,0,0
agitprop,1,0,0,0,0
agonizing,0,1,0,0,0
agitated,0,1,0,0,0
agonizingly,0,0,0,0,1
agit-pop,1,0,0,0,0
agiotage,1,0,0,0,0
agro-industry,1,1,0,0,0
agony aunt,1,0,0,0,0
agronomist,1,0,0,0,0
agriculture,1,1,0,0,0
agoraphobia,1,0,0,0,0
agritourism,1,0,0,0,0
AGM,1,0,0,0,0
aggressive,0,1,0,0,1
agrochemical,1,1,0,0,0
agree,0,0,1,1,0
ague,1,0,0,0,0
ahead of,0,0,0,0,0
agricultural cooperative,1,0,0,0,0
agreeableness,1,0,0,0,0
agricultural show,1,0,0,0,0
ahem,0,0,0,0,0
aging,1,1,0,0,0
ahead,0,0,0,0,1
agrarian,0,1,0,0,0
agricultural,0,1,0,0,0
aground,0,1,0,0,1
agonized,0,1,0,0,0
agreeably,0,0,0,0,1
aha,0,0,0,0,0
ahold,0,0,0,0,1
agribusiness,1,0,0,0,0
agreement,1,0,0,0,0
agony column,1,0,0,0,0
agoraphobic,1,1,0,0,0
agreed value,1,0,0,0,0
agronomy,1,0,0,0,0
agonistic,0,1,0,0,0
agreed,0,1,0,0,0
agreed bid,1,0,0,0,0
agreeable,0,1,0,0,0
agreeing,0,0,1,0,0
ah,0,0,0,0,0
agreement of sale,1,0,0,0,0
agreed value insurance,1,0,0,0,0
agricultural bank,1,0,0,0,0
agonize,0,1,1,0,0
aggregated,1,0,1,0,0
agism,1,1,0,0,0
-aholic,0,0,0,0,0
AI,1,0,0,0,0
AICPA,1,0,0,0,0
air base,1,0,0,0,0
ailment,1,0,0,0,0
ain't,0,0,0,0,0
aimlessness,1,0,0,0,0
aiding,0,0,1,0,0
aimlessly,0,0,0,0,1
aid agency,1,0,0,0,0
air bag,1,0,0,0,0
aide,1,0,0,0,0
aid worker,1,0,0,0,0
AIM-listed,0,1,0,0,0
air ambulance,1,0,0,0,0
air raid,1,0,0,0,0
air-to-air,0,1,0,0,0
Air Force One,1,0,0,0,0
air drop,1,0,1,0,0
airbag,1,0,0,0,0
air-to-ground,0,1,0,0,0
air force,1,0,0,0,0
aides-de-camp,0,0,0,0,0
air broker,1,0,0,0,0
air conditioning,1,0,0,0,0
ahoy,0,0,0,0,0
air kiss,1,0,1,0,0
aim,0,0,1,1,0
air pocket,1,0,0,0,0
air mass,1,0,0,0,0
air hockey,1,0,0,0,0
air pistol,1,0,0,0,0
air letter,1,0,0,0,0
ailing,0,1,0,0,0
airbill,1,0,0,0,0
air cargo,1,0,0,0,0
air-dash,0,0,1,0,0
air power,1,0,0,0,0
air pollution,1,0,0,0,0
airball,1,0,1,0,0
air-cooler,1,0,0,0,0
aid,1,0,1,0,0
aid station,1,0,0,0,0
air-cooled,0,1,0,0,0
air rage,1,0,0,0,0
air mattress,1,0,0,0,0
AIDS,1,0,0,0,0
air sac,1,0,0,0,0
airbridge,1,0,0,0,0
air bladder,1,0,0,0,0
airboard,1,0,1,0,0
air traffic control,1,0,0,0,0
air terminal,1,0,0,0,0
air waybill,1,0,0,0,0
aide-de-camp,1,0,0,0,0
airboarder,1,0,0,0,0
air freshener,1,0,0,0,0
airbrushed,0,0,1,0,0
air conditioner,1,0,0,0,0
air brake,1,0,0,0,0
aiming,0,0,1,0,0
air traffic controller,1,0,0,0,0
airwaves,1,0,0,0,0
air fryer,1,0,0,0,0
airtime,1,0,0,0,0
airer,1,0,0,0,0
aioli,1,0,0,0,0
aircraft lease,1,0,0,0,0
airsickness,1,0,0,0,0
airbrushing,0,0,1,0,0
aided,0,0,1,0,0
air hostess,1,0,0,0,0
airstrip,1,0,0,0,0
airway,1,0,0,0,0
airboarding,1,0,0,0,0
airbrush,1,0,1,0,0
airless,0,1,0,0,0
airiness,1,0,0,0,0
AIDA,1,0,0,0,0
airing,1,0,0,0,0
airhead,1,0,0,0,0
aircraft carrier,1,0,0,0,0
airline,1,0,0,0,0
aintcha,0,0,0,0,0
aileron,1,0,0,0,0
aircrew,1,0,0,0,0
aircraft,1,0,0,0,0
airgun,1,0,0,0,0
airing cupboard,1,0,0,0,0
Air Miles,1,0,0,0,0
airbase,1,0,0,0,0
al dente,0,1,0,0,1
air-sea rescue,1,0,0,0,0
airbrick,1,0,0,0,0
airlock,1,0,0,0,0
airstream,1,0,0,0,0
alarmingly,0,0,0,0,1
albeit,0,0,0,0,0
airplay,1,0,0,0,0
airfare,1,0,0,0,0
Albion,1,0,0,0,0
airborne,0,1,0,0,0
airsick,0,1,0,0,0
airways,1,0,0,0,0
aired,0,0,1,0,0
Albanian,1,1,0,0,0
airtight,0,1,0,0,0
aitch,1,0,0,0,0
Aladdin's cave,1,0,0,0,0
airily,0,0,0,0,1
alarming,0,1,0,0,0
airworthiness,1,0,0,0,0
AL,0,0,0,0,0
airmail,1,0,0,0,0
alas,0,0,0,0,1
alacrity,1,0,0,0,0
airman,1,0,0,0,0
aka,0,0,0,0,0
al desko,0,1,0,0,1
alarmed,0,1,0,0,0
Albania,1,0,0,0,0
aiyo,0,0,0,0,0
Alabaman,1,1,0,0,0
Alaska,1,0,0,0,0
alar,0,1,0,0,0
airy,0,1,0,0,0
airspace,1,0,0,0,0
aisle,1,0,0,0,0
Alaskan,1,1,0,0,0
AK,0,0,0,0,0
Alabama,1,0,0,0,0
airy-fairy,0,1,0,0,0
airfreight,1,0,1,0,0
albinism,1,0,0,0,0
al fresco,0,1,0,0,1
airworthy,0,1,0,0,0
airship,1,0,0,0,0
Alberta,1,0,0,0,0
airliner,1,0,0,0,0
akin,0,1,0,0,0
alarm,1,1,1,0,0
akinetic-rigid HD,1,0,0,0,0
airstrike,1,0,0,0,0
alarm call,1,0,0,0,0
airport,1,0,0,0,0
airlift,1,0,1,0,0
ajar,0,1,0,0,0
alcopop,1,0,0,0,0
alighted,0,0,1,0,0
alabaster,1,0,0,0,0
alchemist,1,0,0,0,0
albumen,1,0,0,0,0
airfield,1,0,0,0,0
akimbo,0,1,0,0,0
alarmist,1,1,0,0,0
Alderney,1,0,0,0,0
alga,1,0,0,0,0
algae,1,0,0,0,0
alchemy,1,0,0,0,0
alcoholism,1,0,0,0,0
aldehyde,1,0,0,0,0
alder,1,0,0,0,0
alderman,1,0,0,0,0
alienation,1,0,0,0,0
algorithmic,0,1,0,0,0
alienation clause,1,0,0,0,0
alerted,0,0,1,0,0
alcoholic,1,1,0,0,0
alienated,0,0,1,0,0
ale,1,0,0,0,0
aleatory contract,1,0,0,0,0
alibi,1,0,0,0,0
alienating,0,0,1,0,0
Algerian,1,1,0,0,0
align,0,0,1,1,0
alcohol,1,0,0,0,0
alertness,1,0,0,0,0
alerting,0,0,1,0,0
Algeria,1,0,0,0,0
Alice band,1,0,0,0,0
aliasing,1,0,0,0,0
algebra,1,1,0,0,1
alert,1,1,1,0,0
alcove,1,0,0,0,0
Aleppo,1,0,0,0,0
aliment,1,0,0,0,0
alimentary canal,1,0,0,0,0
alkyl,1,0,0,0,0
alkene,1,0,0,0,0
aliquot,1,0,0,0,0
alkalinity,1,0,0,0,0
all caps,1,1,0,0,0
alimony,1,0,0,0,0
algorithm,1,0,0,0,0
alkyne,1,0,0,0,0
alkane,1,0,0,0,0
alkaloid,1,0,0,0,0
algebraic,0,1,0,0,0
all comers,1,0,0,0,0
alight,0,1,1,0,0
alkali,1,1,0,0,0
alkali metal,1,0,0,0,0
alienate,1,0,1,0,0
alignment,1,0,0,0,0
alkaline earth metal,1,0,0,0,0
alighting,0,0,1,0,0
alias,1,0,0,0,1
all-around,0,1,0,0,0
album,1,0,0,0,0
alky,1,0,0,0,0
alien,1,1,0,0,0
alike,0,1,0,0,1
all right,0,1,0,0,1
All Saints' Day,1,0,0,0,0
All Souls' Day,1,0,0,0,0
all-day,0,1,0,0,0
all-out,0,1,0,0,0
all-out strike,1,0,0,0,0
all-nighter,1,0,0,0,0
algebraically,0,0,0,0,1
all-consuming,0,1,0,0,0
all-new,0,1,0,0,0
all-inclusive,0,1,0,0,0
aligning,0,0,1,0,0
all-loss,0,1,0,0,0
alfalfa,1,0,0,0,0
aligned,0,0,1,0,0
all-hands,0,1,0,0,0
all in,0,1,0,0,1
alkaline,0,1,0,0,0
alive,0,1,0,0,0
all-points bulletin,1,0,0,0,0
all-American,1,1,0,0,0
all-purpose,0,1,0,0,0
all-cash,0,1,0,0,0
all-in wrestling,1,0,0,0,0
all-in-one,1,1,0,0,0
all-night,0,1,0,0,0
all-important,0,1,0,0,0
all-purpose flour,1,0,0,0,0
all-rounder,1,0,0,0,0
all-round,0,1,0,0,0
all-share,0,1,0,0,0
all-star,0,1,0,0,0
allegory,1,1,0,0,0
alleviation,1,0,0,0,0
All-Stock index,1,0,0,0,0
All-Share index,1,0,0,0,0
allergic,0,1,0,0,0
alleviating,1,0,1,0,0
alleluia,1,0,0,0,0
ally,0,0,1,1,0
alleviate,0,0,1,0,0
allow,0,0,1,1,0
allusion,1,0,0,0,0
alleged,0,1,0,0,0
allspice,1,0,0,0,0
allotropy,1,0,0,0,0
allotted,0,1,0,0,0
allaying,0,0,1,0,0
allegro,1,1,0,0,1
all-stock,0,1,0,0,0
allophony,0,0,0,0,0
allocation,1,0,0,0,0
allusive,0,1,0,0,0
alliterative,0,1,0,0,0
allude,0,0,1,1,0
allied,0,1,0,0,0
all-wheel drive,1,0,0,0,0
allowed,0,0,1,0,0
allotment,1,0,0,0,0
alley,1,0,0,0,0
allowance,1,0,0,0,0
allowing,0,0,1,0,0
allegedly,0,0,0,0,1
allocated,1,0,1,0,0
allottee,1,0,0,0,0
allocating,1,0,1,0,0
alleging,0,0,1,0,0
allowable,0,1,0,0,0
allotting,0,0,0,0,0
all-singing,0,1,0,0,0
allergen,1,0,0,0,0
allege,0,1,1,0,1
Allah,1,0,0,0,0
allopathy,1,0,0,0,0
all-you-can-eat,0,1,0,0,0
allocate,0,0,1,0,0
allele,1,0,0,0,0
aloft,0,0,0,0,1
Alsatian,1,0,0,0,0
almost,0,0,0,0,1
allegorical,0,1,0,0,0
alms,1,0,0,0,0
allure,1,1,0,0,0
Allen key,1,0,0,0,0
alluringly,0,0,0,0,1
alloying,0,0,1,0,0
alma mater,1,0,0,0,0
aloe,1,0,0,0,0
alliteration,1,0,0,0,0
alphorn,1,0,0,0,0
alpine,1,1,0,0,0
alprazolam,1,0,0,0,0
aloha,0,0,0,0,0
alphabetization,1,0,0,0,0
alpha,1,1,0,0,0
allayed,0,0,1,0,0
alloyed,0,0,1,0,0
already,0,0,0,0,1
alpha version,1,0,0,0,0
alluvium,1,0,0,0,0
along,0,0,0,0,1
almanac,1,0,0,0,0
alluvial,0,1,0,0,0
allophone,1,0,0,0,0
aloofness,1,0,0,0,0
almshouse,1,0,0,0,0
allusiveness,1,0,0,0,0
aloud,0,0,0,0,1
alphabetically,0,0,0,0,1
almond paste,1,0,0,0,0
alopecia,1,0,0,0,0
alphabetical,0,1,0,0,0
aloof,0,1,0,0,1
alpha decay,1,0,0,0,0
allegation,1,0,0,0,0
almond,1,0,0,0,0
alloy,1,0,1,0,0
allium,1,0,0,0,0
alpaca,1,0,0,0,0
alone,0,1,0,0,1
ALS,1,0,0,0,0
allegorically,0,0,0,0,1
alright,0,1,0,0,1
almighty,1,1,0,0,0
alpha male,1,0,0,0,0
alphabet,1,1,0,0,1
almirah,1,0,0,0,0
alphanumeric,0,1,0,0,0
alpha testing,1,0,1,0,0
alpha particle,1,0,0,0,0
all-risks,0,1,0,0,0
alphabetic,0,1,0,0,0
alongside,0,0,0,0,1
alphabet soup,1,0,0,0,0
all-terrain vehicle,1,0,0,0,0
allotrope,1,0,0,0,0
also,0,0,0,0,1
alliance,1,0,0,0,0
allopathic,0,1,0,0,0
alphabetize,0,0,1,0,0
alt-right,1,0,0,0,0
Alt (key),1,0,0,0,0
also-ran,1,0,0,0,0
aloe vera,1,0,0,0,0
alternative dispute resolution,1,0,0,0,0
alternation,1,0,0,0,0
alternative,1,1,0,0,0
altar boy,1,0,0,0,0
altocumulus,1,0,0,0,0
alternative investment,1,0,0,0,0
although,0,0,0,0,0
Alternative Investment Market,1,0,0,0,0
alternately,0,0,0,0,1
alternating,0,1,0,0,0
alternative energy,1,0,0,0,0
alter ego,1,0,0,0,0
altar girl,1,0,0,0,0
altercation,1,0,0,0,0
alternative medicine,1,0,0,0,0
alternatively,0,0,0,0,1
altering,0,0,1,0,0
alternate,1,1,1,0,0
altogether,1,0,0,0,1
alteration,1,0,0,0,0
alternated,0,0,1,0,0
altered,0,0,1,0,0
alternating current,1,0,0,0,0
alto recorder,1,0,0,0,0
altimeter,1,0,0,0,0
altruism,1,1,0,0,0
altitude sickness,1,0,0,0,0
altruistic,0,1,0,0,0
altostratus,1,0,0,0,0
alt-,1,0,0,0,0
altruist,1,0,0,0,0
altruistically,0,0,0,0,1
alto,1,1,0,0,0
alternative lifestyle,1,0,0,0,0
altitude,1,0,0,0,0
alter,1,1,1,0,0
aloo,1,0,0,0,0
alumna,1,0,0,0,0
alternator,1,0,0,0,0
alum,1,0,0,0,0
alternative technology,1,0,0,0,0
altar,1,0,0,0,0
alveolar rhabdomyosarcoma,1,0,0,0,0
alu,1,0,0,0,0
alumnae,0,0,0,0,0
aluminum,1,0,0,0,0
alveolar ridge,1,0,0,0,0
always,0,0,0,0,1
alway,0,0,0,0,1
amateurish,0,1,0,0,0
always-on,0,1,0,0,0
amassed,0,0,1,0,0
amassing,0,0,1,0,0
amalgamate,0,0,1,0,0
alternate angle,1,0,0,0,0
alveolar soft part sarcoma,1,0,0,0,0
amateur theater,1,0,0,0,0
alumnus,1,0,0,0,0
alveolar,0,1,0,0,0
aluminium,1,0,0,0,0
alveolus,1,0,0,0,0
alveoli,0,0,0,0,0
amass,0,0,1,0,0
amazement,1,0,0,0,0
Alzheimer’s (disease),1,0,0,0,0
Alzheimer's,1,0,0,0,0
amalgamating,0,0,1,0,0
amateur dramatics,1,0,0,0,0
amateur,1,1,0,0,0
amatory,0,1,0,0,0
amaretti,0,0,0,0,0
amalgamation,1,0,0,0,0
amanuenses,0,0,0,0,0
amateurishly,0,0,0,0,1
amaretto,1,0,0,0,0
amaze,1,0,1,0,0
amanuensis,1,0,0,0,0
amateurishness,1,0,0,0,0
amaranth,1,0,0,0,0
amazeballs,0,1,0,0,0
amazing,0,1,0,0,0
amazed,0,1,0,0,0
amazonian,0,1,0,0,0
amazingly,0,0,0,0,1
alumni,0,0,0,0,0
am,1,0,1,0,1
amalgam,1,0,0,0,0
amen,1,0,0,0,0
ambrosial,0,1,0,0,0
amazon,1,0,0,0,0
Amalgamated,0,1,0,0,0
ambassadorial,0,1,0,0,0
ambulance,1,0,0,0,0
ambrosia,1,0,0,0,0
amend,0,0,1,0,0
ambitiously,0,0,0,0,1
ambush marketing,1,0,0,0,0
ambidextrous,0,1,0,0,0
amber,1,1,0,0,0
amends,1,0,0,0,0
American football,1,0,0,0,0
American-style option,1,0,0,0,0
Americanism,1,0,0,0,0
Americas,0,0,0,0,0
ambivert,1,0,0,0,0
ambivalently,0,0,0,0,1
ameliorate,0,0,1,0,0
amble,1,0,1,0,0
American Eagle,1,0,0,0,0
Americanize,0,0,1,0,0
ambulanceman,1,0,0,0,0
ammonium nitrate,1,0,0,0,0
ambassador,1,0,0,0,0
American,1,1,0,0,0
ambulance chaser,1,0,0,0,0
ambient music,1,0,0,0,0
ameliorating,1,0,1,0,0
AME,1,1,0,0,0
ammonite,1,0,0,0,0
ambience,1,0,0,0,0
amnesia,1,0,0,0,0
amputation,1,0,0,0,0
amontillado,1,0,0,0,0
American Bankers Association,1,0,0,0,0
amoebic dysentery,1,0,0,0,0
American Indian,1,0,0,0,0
amortizing,1,1,1,0,0
amendment,1,0,0,0,0
amortized,1,1,1,0,0
AMEX,1,0,0,0,0
amputating,1,0,1,0,0
ampere,1,0,0,0,0
American plan,1,0,0,0,0
amnia,0,0,0,0,0
Amtrak,1,0,0,0,0
amended,0,0,1,0,0
amplified,0,0,1,0,0
amniotic,0,1,0,0,0
amidships,0,0,0,0,1
amp,0,0,1,1,0
amount falling due after one year,1,0,0,0,0
Americana,1,0,0,0,0
amused,0,1,0,0,0
amphiprotic,0,1,0,0,0
amour propre,1,0,0,0,0
amulet,1,0,0,0,0
amiably,0,0,0,0,1
among,0,0,0,0,0
ammonium sulphate,1,0,0,0,0
Americano,1,0,0,0,0
amped,0,1,0,0,0
amounts differ,0,0,0,0,0
amiable,0,1,0,0,0
amorality,1,0,0,0,0
amplifying,0,0,1,0,0
American Depositary Share,1,0,0,0,0
ammeter,1,0,0,0,0
amortization,1,0,0,0,0
amplifier,1,0,0,0,0
American Stock Exchange,1,0,0,0,0
amphoteric,0,1,0,0,0
amphibian,1,0,0,0,0
ammonoid,1,0,0,0,0
amount falling due within one year,1,0,0,0,0
amperage,1,0,0,0,0
amusement arcade,1,0,0,0,0
amnion,1,1,0,0,0
ample,0,1,0,0,1
amphetamine,1,0,0,0,0
amuck,0,0,0,0,1
ampersand,1,0,0,0,0
ampullae,0,0,0,0,0
ammonium hydroxide,1,0,0,0,0
amoebic,0,1,0,0,0
amount,0,0,1,1,0
amplification,1,0,0,0,0
amortizable,0,1,0,0,0
amply,0,0,0,0,1
amphorae,0,0,0,0,0
amity,1,0,0,0,0
amortize,1,1,1,0,0
amusement park,1,0,0,0,0
ammo,1,0,0,0,0
amok,0,0,0,0,1
amnesty,1,0,0,0,0
amorphous,0,1,0,0,0
amputate,1,0,1,0,0
amphora,1,0,0,0,0
amputee,1,0,0,0,0
ampulla,1,0,0,0,0
amuse,0,1,1,0,0
amphibious,0,1,0,0,0
amuse-bouche,1,0,0,0,0
amusement,1,0,0,0,0
amoral,0,1,0,0,0
amplify,1,0,1,0,0
amniotic sac,1,0,0,0,0
ampoule,1,0,0,0,0
amniocentesis,1,0,0,0,0
amplitude,1,0,0,0,0
amniotic fluid,1,0,0,0,0
amputated,1,0,1,0,0
ammunition,1,0,0,0,0
amphitheater,1,0,0,0,0
Amsterdam,1,0,0,0,0
amphitheatre,1,0,0,0,0
amorous,0,1,0,0,0
Amnesty International,1,0,0,0,0
amnesiac,1,1,0,0,0
amphipod,1,0,0,0,0
amusing,0,1,0,0,0
analog,0,1,0,0,0
analogous,0,1,0,0,0
analyser,1,0,0,0,0
anaphylactic,0,1,0,0,0
anatomical,0,1,0,0,0
-ance,0,0,0,0,0
anatomically,0,0,0,0,1
anchor,1,0,1,0,0
anatomically correct,0,1,0,0,0
anchorage,1,0,0,0,0
analogy,1,1,0,0,0
analytical,0,1,0,0,1
anaphylaxis,1,0,0,0,0
analysis,1,0,0,0,0
ancestral,0,1,0,0,0
anchor tenant,1,0,0,0,0
anchor baby,1,0,0,0,0
-ancy,0,0,0,0,0
analyses,0,0,0,0,0
Andorra,1,0,0,0,0
analysed,0,0,1,0,0
anchoring,0,0,1,0,0
anatomy,1,1,0,0,0
Andromeda,1,0,0,0,0
anconei,0,0,0,0,0
analytically,0,0,0,0,1
analogue,1,1,0,0,0
android,1,0,0,0,0
ancestor,1,1,0,0,0
androgyny,1,0,0,0,0
analysing,0,0,1,0,0
anarchism,1,0,0,0,0
and Company,0,0,0,0,0
anaphylactic shock,1,0,0,0,0
ancestry,1,0,0,0,0
anconeus,1,0,0,0,0
anchorwoman,1,0,0,0,0
ancien régime,1,0,0,0,0
androgynous,0,1,0,0,0
analyzer,1,0,0,0,0
anaphoric,0,1,0,0,0
and/or,0,0,0,0,0
anchored,0,0,1,0,0
Andorran,1,1,0,0,0
ancients,1,0,0,0,0
and,0,0,0,0,0
anchorite,1,0,0,0,0
ancillary,0,1,0,0,0
anchovies,0,0,0,0,0
anarchistic,0,1,0,0,0
androsphere,1,0,0,0,0
ANC,1,0,0,0,0
anemic,0,1,0,0,0
andiron,1,0,0,0,0
anaphor,1,0,0,0,0
anemometer,1,0,0,0,0
anchorman,1,0,0,0,0
anatomist,1,0,0,0,0
anarchist,1,0,0,0,0
angler,1,0,0,0,0
angel,1,0,0,0,0
angle,0,0,1,1,0
anew,0,0,0,0,1
aneurysm,1,0,0,0,0
ancient,0,1,0,0,0
angiosarcoma,1,0,0,0,0
anfractuous,0,1,0,0,0
angelica,1,0,0,0,0
analyse,0,0,1,0,0
angel investor,1,0,0,0,0
angel food cake,1,0,0,0,0
Anglesey,1,0,0,0,0
anencephalic,0,1,0,0,0
analyst,1,0,0,0,0
andragogy,1,0,0,0,0
anesthesiologist,1,0,0,0,0
angle bracket,1,0,0,0,0
aneroid barometer,1,0,0,0,0
andropause,1,0,0,0,0
andante,1,1,0,0,1
anecdote,1,0,0,0,0
anchovy,1,0,0,0,0
anesthetic,1,0,0,0,0
anesthesiology,1,0,0,0,0
angelic,0,1,0,0,0
anesthesia,1,0,1,0,0
anemia,1,0,0,0,0
angered,0,0,1,0,0
angioplasty,1,0,0,0,0
angering,0,0,1,0,0
anemone,1,0,0,0,0
anesthetist,1,0,0,0,0
angelically,0,0,0,0,1
angioma,1,0,0,0,0
angled,0,1,0,0,0
anencephaly,1,0,0,0,0
angina,1,0,0,0,0
anger,1,0,1,0,0
angle of incidence,1,0,0,0,0
anglicized,0,0,1,0,0
Anglo-American,0,1,0,0,0
angulus,1,0,0,0,0
anglicizing,0,0,1,0,0
Anglo-Canadian,1,1,0,0,0
Angola,1,0,0,0,0
Anglican,1,1,0,0,0
anecdotal,0,1,0,0,0
anguished,0,1,0,0,0
anesthetize,0,0,1,0,0
angora,1,0,0,0,0
anglicize,0,0,1,0,0
anhydrous,0,1,0,0,0
angularity,1,0,0,0,0
angel hair,1,0,0,0,0
Anglicism,1,0,0,0,0
angst,1,0,0,0,0
Anglo-Indian,1,1,0,0,0
Angolan,1,1,0,0,0
Anglo,1,0,0,0,0
animal rights,1,0,0,0,0
animated,0,1,0,0,0
Angus,1,0,0,0,0
anguish,1,0,0,0,0
animatedly,0,0,0,0,1
animal shelter,1,0,0,0,0
Angostura,1,0,0,0,0
angsty,0,1,0,0,0
angry,0,1,0,0,1
anguli,1,0,0,0,0
Angrez,1,1,0,0,0
angling,1,0,0,0,0
animal kingdom,1,0,0,0,0
anhedonia,1,0,0,0,0
animal husbandry,1,0,0,0,0
animadversion,1,0,0,0,0
angrily,0,0,0,0,1
angry young man,1,0,0,0,0
animate,0,1,1,0,0
angular,0,1,0,0,0
Anglicanism,1,0,0,0,0
Angrezi,1,0,0,0,0
anglophile,1,0,0,0,0
Anglo-Saxon,1,1,0,0,0
animal,1,1,0,0,0
Anglo-Catholic,0,1,0,0,0
animator,1,0,0,0,0
animating,0,0,1,0,0
animism,1,0,0,0,0
annals,1,0,0,0,0
announce,1,0,1,0,0
annihilation,1,0,0,0,0
ankh,1,0,0,0,0
animatronics,1,0,0,0,0
ankle bracelet,1,0,0,0,0
Anno Domini,1,0,0,0,0
annexure,1,0,0,0,0
annexe,1,0,0,0,0
ankle,1,0,0,0,0
ankle tag,1,0,0,0,0
anise,1,0,0,0,0
announcer,1,0,0,0,0
annelid,1,0,0,0,0
annexing,1,0,1,0,0
annexation,1,0,0,0,0
annihilating,1,0,1,0,0
announcing,0,0,1,0,0
annotating,1,0,1,0,0
anklet,1,0,0,0,0
annihilated,1,0,1,0,0
aniseed,1,0,0,0,0
annotated,1,0,1,0,0
anneal,0,0,1,0,0
annealed,0,0,1,0,0
annexed,1,0,1,0,0
anglophone,1,1,0,0,0
animation,1,0,0,0,0
ankle boot,1,0,0,0,0
annotate,0,0,1,0,0
annealing,0,0,1,0,0
annex,1,0,1,0,0
annotation,1,0,0,0,0
ankle sock,1,0,0,0,0
animist,1,1,0,0,0
annual value,1,0,0,0,0
announced,0,0,1,0,0
annoyingly,0,0,0,0,1
annunciation,1,0,0,0,0
annoyed,0,1,0,0,0
annoy,1,1,1,0,1
anointment,1,0,0,0,0
annual leave,1,0,0,0,0
anomie,1,0,0,0,0
anointing,1,1,1,0,0
annual hours contract,1,0,0,0,0
annual return,1,0,0,0,0
annual earnings,1,0,0,0,0
anime,1,0,0,0,0
anon,1,0,0,0,1
anoint,0,0,1,0,0
annoyance,1,0,0,0,0
annually,0,0,0,0,1
annular,0,1,0,0,0
annual accounts,1,0,0,0,0
anointed,0,1,0,0,0
anode,1,0,0,0,0
annual general meeting,1,0,0,0,0
annual,1,1,0,0,0
annul,1,0,1,0,0
anodized,0,0,1,0,0
annualized,0,1,0,0,0
anniversary,1,0,0,0,0
annual loss,1,0,0,0,0
annual percentage rate,1,0,0,0,0
anodizing,0,0,1,0,0
annual equivalent rate,1,0,0,0,0
animosity,1,0,0,0,0
anomia,1,0,0,0,0
anodize,0,0,1,0,0
annual stockholders' meeting,1,0,0,0,0
animatronic,0,1,0,0,0
anomaly,1,0,0,0,0
Annual Abstract of Statistics,1,0,0,0,0
anion,1,0,0,0,0
announcement,1,0,0,0,0
annual report,1,0,0,0,0
anomalous,0,1,0,0,0
anonymize,0,0,1,0,0
anodyne,0,1,0,0,0
annulment,1,0,0,0,0
annoying,0,1,0,0,0
anonymous,0,1,0,0,1
annus mirabilis,1,0,0,0,0
annuity insurance,1,0,0,0,0
anomalously,0,0,0,0,1
anorexia nervosa,1,1,0,0,0
answer,0,0,1,1,0
annuitant,1,0,0,0,0
answerable,0,1,0,0,0
Ansoff matrix,1,0,0,0,0
another,0,1,0,0,0
answered,0,0,1,0,0
ANSI,1,0,0,0,0
answering machine,1,0,0,0,0
annum,1,0,0,0,0
antagonized,0,0,1,0,0
anonymously,0,0,0,0,1
annuity,1,0,0,0,0
annual meeting,1,0,0,0,0
ant,1,0,0,0,0
anosmia,1,0,0,0,0
anorexic,1,1,0,0,0
Ansaphone,1,0,0,0,0
ansa,1,0,0,0,0
ansae,0,0,0,0,0
anonymity,1,0,0,0,0
ANPR,1,0,0,0,0
antebellum,0,1,0,0,0
ante,1,0,0,0,0
antecedent,1,1,0,0,0
antagonizing,0,0,1,0,0
antedating,0,0,1,0,0
answering,0,0,1,0,0
antechamber,1,0,0,0,0
anthropoid,1,1,0,0,0
anthropo-,0,0,0,0,0
anthropologist,1,0,0,0,0
anopheles,1,0,0,0,0
antenatally,0,0,0,0,1
antedate,0,0,1,0,0
antedated,0,0,1,0,0
anthropocentrism,1,0,0,0,0
anthropomorphic,0,1,0,0,0
anthropologically,0,0,0,0,1
antennae,0,0,0,0,0
antebrachial,0,1,0,0,0
anthology,1,0,0,0,0
antacid,1,0,0,0,0
Antarctica,1,0,0,0,0
annus horribilis,1,0,0,0,0
anteater,1,0,0,0,0
anti,1,1,0,0,0
anterolateral,0,1,0,0,0
Antarctic,1,1,0,0,0
antagonize,0,0,1,0,0
anthropogenic,0,1,0,0,0
antelope,1,0,0,0,0
antenatal,0,1,0,0,0
anthracite,1,0,0,0,0
anorak,1,0,0,0,0
anti-abortion,0,1,0,0,0
antenna,1,0,0,0,0
answerphone,1,0,0,0,0
antagonism,1,0,0,0,0
anthropomorphize,0,0,1,0,0
anti-personnel,0,1,0,0,0
anthrax,1,0,0,0,0
anti-lock,0,1,0,0,0
antagonist,1,0,0,0,0
Anti-Gravity yoga,1,0,0,0,0
anti-virus,0,1,0,0,0
anti-consumerist,0,1,0,0,0
Antichrist,1,0,0,0,0
anti-trafficking,0,1,0,0,0
anthropocentric,0,1,0,0,0
anticipating,0,0,1,0,0
anosmic,0,1,0,0,0
anti-inflammatory,1,1,0,0,0
antibiotic,1,0,0,0,0
anti-noise,1,0,0,0,0
antibody,1,0,0,0,0
anti-dumping,0,1,0,0,0
anticipation,1,0,0,0,0
anti-football,1,0,0,0,0
anti-terrorist,0,1,0,0,0
anther,1,0,0,0,0
anti-fraud,0,1,0,0,0
anterior,0,1,0,0,0
anti-aircraft,0,1,0,0,0
anti-outsourcing,0,1,0,0,0
anti-fascist,1,1,0,0,0
anti-Semitic,0,1,0,0,0
anti-bac,0,1,0,0,0
anti-choice,0,1,0,0,0
anti-takeover,0,1,0,0,0
anti-racist,1,1,0,0,0
anti-spyware,0,1,0,0,0
anti-tamper,0,1,0,0,0
antibacterial,0,1,0,0,0
anticipate,0,0,1,0,0
anthem,1,0,0,0,0
anti-federalist,1,1,0,0,0
anti-nuclear,0,1,0,0,0
anti-inflation,0,1,0,0,0
anthropological,0,1,0,0,0
anthropology,1,1,0,0,0
anti-Semite,1,0,0,0,0
anti-war,0,1,0,0,0
anthropomorphism,1,0,0,0,0
antepenultimate,0,1,0,0,0
anthemic,0,1,0,0,0
anticipatory breach,1,0,0,0,0
anti-tank,0,1,0,0,0
anti-spam,0,1,0,0,0
anti-ageing,0,1,0,0,0
anti-life,0,1,0,0,0
anticipated,0,0,1,0,0
anti-theft,0,1,0,0,0
anticlericalism,1,0,0,0,0
anti-discrimination,0,1,0,0,0
anticline,1,0,0,0,0
antifreeze,1,0,0,0,0
anterius,0,1,0,0,0
anthill,1,0,0,0,0
anti-predatory,0,1,0,0,0
anticoagulant,1,1,0,0,0
Antigua and Barbuda,1,0,0,0,0
antigen,1,0,0,0,0
antilepton,1,0,0,0,0
antics,1,0,0,0,0
anticlerical,0,1,0,0,0
antimatter,1,0,0,0,0
anticlimactic,0,1,0,0,0
Antifa,1,0,0,0,0
antioxidant,1,0,0,0,0
anti-phishing,0,1,0,0,0
antidisestablishmentarianism,1,0,0,0,0
antiperspirant,1,1,0,0,0
anthelion,1,0,0,0,0
antidote,1,0,0,0,0
antihistamine,1,0,0,0,0
anteriorly,0,0,0,0,1
antimacassar,1,0,0,0,0
anticlimax,1,0,0,0,0
antihero,1,0,0,0,0
antimicrobial,0,1,0,0,0
antiknocking,0,1,0,0,0
anti-competitive,0,1,0,0,0
antitrust law,1,0,0,0,0
Antiguan,1,1,0,0,0
antivaxxer,1,0,0,0,0
anti-Semitism,1,1,0,0,0
anticyclone,1,0,0,0,0
antitoxin,1,0,0,0,0
antilogarithm,1,0,0,0,0
antithetical,0,1,0,0,0
antiproton,1,0,0,0,0
antiparticle,1,0,0,0,0
antiquark,1,0,0,0,0
antiretroviral,0,1,0,0,0
antisocial personality disorder,1,0,0,0,0
antiquarian,1,1,0,0,0
anxiety,1,0,0,0,0
antirrhinum,1,0,0,0,0
antiquarianism,1,0,0,0,0
antiseptic,1,1,0,0,0
anymore,0,0,0,0,1
antisocial,0,1,0,0,0
antonym,1,0,0,0,0
Antipodean,1,1,0,0,0
antithesis,1,0,0,0,0
antipasti,0,0,0,0,0
antiphonal,0,1,0,0,0
antidepressant,1,1,0,0,0
anticlockwise,0,1,0,0,1
antra,0,0,0,0,0
antique,1,1,0,0,0
antiquary,1,0,0,0,0
antonymous,0,1,0,0,0
anyroad,0,0,0,0,1
antsy,0,1,0,0,0
anxiously,0,0,0,0,1
antlers,0,0,0,0,0
antiheroes,0,0,0,0,0
antitheses,0,0,0,0,0
anyhow,0,0,0,0,1
anyone,0,0,0,0,0
antineutrino,1,0,0,0,0
antler,1,0,0,0,0
antiknock,1,0,0,0,0
anytime,0,0,0,0,1
antipathetic,0,1,0,0,0
anything,0,0,0,0,0
anvil,1,0,0,0,0
antimony,1,0,0,0,0
anyplace,0,0,0,0,1
antiquated,0,1,0,0,0
Anzac biscuit,1,0,0,0,0
antisocially,0,0,0,0,1
antiviral,1,1,0,0,0
APACS,0,0,0,0,0
aortic root surgery,1,0,0,0,0
anyways,0,0,0,0,1
AOD,1,0,0,0,0
antipathy,1,0,0,0,0
anus,1,1,0,0,0
aortic coarctation,1,0,0,0,0
apex,1,1,0,0,0
anywhere,0,0,0,0,1
antiwar,0,1,0,0,0
AOB,1,0,0,0,0
aperitif,1,0,0,0,0
aortic valve disease,1,0,0,0,0
apace,0,0,0,0,1
APB,1,0,0,0,0
any other business,1,0,0,0,0
aperture,1,0,0,0,0
apartment,1,0,0,0,0
antitrust,0,1,0,0,0
antiquity,1,0,0,0,0
aortic,0,1,0,0,0
Apache,1,1,0,0,0
aparthotel,1,0,0,0,0
aortic aneurysm,1,0,0,0,0
AP,1,0,0,0,0
apathetic,0,1,0,0,0
Anzac,1,0,0,0,0
apartment building,1,0,0,0,0
Apgar score,1,0,0,0,0
aorta,1,0,0,0,0
anyway,0,0,0,0,1
aortic stenosis,1,0,0,0,0
apatosaurus,1,0,0,0,0
apartheid,1,0,0,0,0
apart,0,1,0,0,1
anybody,0,0,0,0,0
apexes,0,0,0,0,0
aped,0,0,1,0,0
antrum,1,0,0,0,0
apathy,1,1,0,0,0
anxiety disorder,1,0,0,0,0
APCIMS,1,0,0,0,0
Apertura and Clausura,1,0,0,0,0
ape,1,0,1,0,0
any,0,1,0,0,1
aphantasia,1,0,0,0,0
aphasia,1,0,0,0,0
aphasic,0,1,0,0,0
apices,0,0,0,0,0
API,1,0,0,0,0
aphelia,0,0,0,0,0
Aphrodite,1,0,0,0,0
apical,0,1,0,0,0
aphorism,1,0,0,0,0
apocalyptic,0,1,0,0,0
apiary,1,0,0,0,0
aplomb,1,0,0,0,0
aphid,1,0,0,0,0
apiculture,1,0,0,0,0
aphelion,1,0,0,0,0
aphrodisiac,1,1,0,0,0
aping,0,0,1,0,0
apiece,0,0,0,0,1
aplenty,0,1,0,0,0
apologist,1,0,0,0,0
apnoea,1,0,0,0,0
apocalypse,1,0,0,0,0
apocryphal,0,1,0,0,0
apoplectic,0,1,0,0,0
apologizing,0,0,1,0,0
apologize,0,0,1,0,0
apoliticism,1,0,0,0,0
apologetically,0,0,0,0,1
apolitical,0,1,0,0,0
apogee,1,0,0,0,0
aponeurosis,1,0,0,0,0
aponeuroses,0,0,0,0,0
apologetic,0,1,0,0,1
apophatic,0,1,0,0,0
apoplexy,1,0,0,0,0
apologized,0,0,1,0,0
Apollo,1,0,0,0,0
apiarist,1,0,0,0,0
apostate,1,0,0,0,0
apology,1,0,0,0,0
apostille,1,0,0,0,0
apotheoses,0,0,0,0,0
apostolic,0,1,0,0,0
App Store,1,0,0,0,0
appear,0,0,1,0,0
apostasy,1,0,0,0,0
apostle,1,0,0,0,0
appall,0,1,1,0,0
apothecary,1,0,0,0,0
appallingly,0,0,0,0,1
apotropaic,0,1,0,0,0
appal,0,0,1,0,0
appeasing,1,0,1,0,0
apothegm,1,0,0,0,0
app,1,0,0,0,0
apparent,0,1,0,0,0
apotheosis,1,0,0,0,0
apparent damage,1,0,0,0,0
appellate,0,1,0,0,0
appeal court,1,0,0,0,0
apparel,1,0,0,0,0
appealingly,0,0,0,0,1
appearance,1,0,0,0,0
apparently,0,0,0,0,1
apparition,1,0,0,0,0
appealing,0,1,0,0,0
appeared,0,0,1,0,0
appeasement,1,0,0,0,0
appalling,0,1,0,0,0
apparatuses,0,0,0,0,0
appeal,1,0,1,0,0
appeal bond,1,0,0,0,0
appeals board,1,0,0,0,0
appellant,1,0,0,0,0
appellation,1,0,0,0,0
apostrophe,1,0,0,0,0
appeals court,1,0,0,0,0
apparatus,1,0,0,0,0
appendices,0,0,0,0,0
applaud,0,0,1,0,0
applause,1,0,0,0,0
apple juice,1,0,0,0,0
apple,1,0,0,0,0
appendixes,0,0,0,0,0
appliqué,1,0,1,0,0
applesauce,1,0,0,0,0
apply,0,1,1,0,0
applied linguistics,1,0,0,0,0
application money,1,0,0,0,0
appalled,0,1,0,0,0
applicability,1,0,0,0,0
appealed,0,0,1,0,0
apple sauce,1,0,0,0,0
apparatchik,1,0,0,0,0
appoint,0,0,1,0,0
application for listing,1,0,0,0,0
appertain,0,0,1,1,0
appositive,0,1,0,0,0
apposite,0,1,0,0,0
apportioning,0,0,1,0,0
appendectomy,1,0,0,0,0
appointed,0,1,0,0,0
appreciably,0,0,0,0,1
appearances,0,0,0,0,0
appendicular,0,1,0,0,0
appreciable,0,1,0,0,1
appraising,1,0,1,0,0
appended,0,0,1,0,0
applied economics,1,0,0,0,0
appeased,1,0,1,0,0
appraise,1,0,1,0,0
appreciate,0,0,1,0,0
appointee,1,0,0,0,0
apportionment,1,0,0,0,0
appropriacy,1,0,0,0,0
appliance,1,0,0,0,0
apple pie,1,1,0,0,0
appearing,0,0,1,0,0
appointment,1,0,0,0,0
appetizing,0,1,0,0,0
application for quotation,1,0,0,0,0
appropriating,0,0,1,0,0
appropriated,0,0,1,0,0
apposition,1,0,0,0,0
applied,0,1,0,0,0
appendix,1,0,0,0,0
appreciative,0,1,0,0,1
aprium,1,0,0,0,0
approachable,0,1,0,0,0
appropriate,1,1,1,0,1
applying,0,0,1,0,0
approximate,1,1,1,0,1
approved vendor,1,0,0,0,0
approximating,0,0,1,0,0
appreciated,0,0,1,0,0
après-ski,1,0,0,0,0
appendicitis,1,0,0,0,0
applicant,1,0,0,0,0
apprehending,0,0,1,0,0
approved,0,1,0,0,0
appellate jurisdiction,1,0,0,0,0
application letter,1,0,0,0,0
appraised,1,0,1,0,0
approximated,0,0,1,0,0
Aqua-Lung,1,0,0,0,0
aqua-aerobics,1,0,0,0,0
approve,0,0,1,0,0
appreciation,1,0,0,0,0
apprehension,1,0,0,0,0
approximately,0,0,0,0,1
appointing,0,0,1,0,0
apportioned,0,0,1,0,0
appropriation,1,0,0,0,0
approver,1,0,0,0,0
approved accounts,1,0,0,0,0
apportion,0,0,1,0,0
appropriation account,1,0,0,0,0
application software,1,0,0,0,0
apprentice,1,0,1,0,0
apron,1,0,0,0,0
apprenticeship,1,0,0,0,0
appliquéd,0,1,0,0,0
apprehend,0,0,1,0,0
aptitude,1,0,0,0,0
apse,1,0,0,0,0
appraisal,1,0,0,0,0
applauded,0,0,1,0,0
appointment book,1,0,0,0,0
aquafaba,1,0,0,0,0
approved school,1,0,0,0,0
approach,1,0,1,0,0
approvingly,0,0,0,0,1
approaching,0,0,1,0,0
apropos,0,1,0,0,1
applicator,1,0,0,0,0
aptness,1,0,0,0,0
apprehended,0,0,1,0,0
April,1,0,0,0,0
approx.,0,1,0,0,1
approximant,1,0,0,0,0
APR,1,0,0,0,0
apprise,0,0,1,0,0
approving,0,1,0,0,0
appreciatively,0,0,0,0,1
appose,0,0,1,0,0
appurtenance,1,0,0,0,0
aptitude test,1,0,0,0,0
apriplum,1,0,0,0,0
approximation,1,0,0,0,0
aquacise,1,0,0,0,0
appropriately,0,0,0,0,1
appreciating,0,0,1,0,0
apprenticed,0,0,1,0,0
April fool,1,0,0,0,0
appraiser,1,0,0,0,0
apprenticing,0,0,1,0,0
appraisee,1,0,0,0,0
April Fool's Day,1,0,0,0,0
apprising,0,0,1,0,0
aquaculture,1,0,0,0,0
aqua,1,1,0,0,0
approval,1,0,0,0,0
aptly,0,0,0,0,1
appointment letter,1,0,0,0,0
apricot,1,1,0,0,0
apt,1,1,0,0,1
Aquarian,1,1,0,0,0
aquaplane,0,0,1,0,0
aquarium,1,0,0,0,0
Aquarius,1,0,0,0,0
aquarobics,1,0,0,0,0
aquatic,0,1,0,0,0
Arabic,1,0,0,0,0
aqueous humour,1,0,0,0,0
aquaplaning,1,0,0,0,0
aquatint,1,0,0,0,0
aquiver,0,1,0,0,0
Arabic numeral,1,0,0,0,0
appropriateness,1,0,0,0,0
aquatically,0,0,0,0,1
arbitrating,0,0,1,0,0
Aramaic,1,1,0,0,0
arancini,1,0,0,0,0
arb,1,0,0,0,0
arachnophobia,1,0,0,0,0
arbiter,1,0,0,0,0
arbitrage,1,0,0,0,0
arachnid,1,0,0,0,0
arbitrarily,0,0,0,0,1
approved contractor,1,0,0,0,0
AR,0,0,0,0,0
arbitrated,0,0,1,0,0
aquiline,0,1,0,0,0
arboreal,0,1,0,0,0
arboreta,0,0,0,0,0
arbour,1,0,0,0,0
Arab,1,1,0,0,0
arc welding,1,0,0,0,0
arachnoid,1,0,0,0,0
arbitrary,1,1,0,0,1
aquaplaned,0,0,1,0,0
arboretum,1,0,0,0,0
arabesque,1,0,0,0,0
aquaria,0,0,0,0,0
arcane,0,1,0,0,0
arbitrariness,1,0,0,0,0
aquifer,1,0,0,0,0
architectural,0,1,0,0,0
archaically,0,0,0,0,1
arabica,1,0,0,0,0
arc lamp,1,0,0,0,0
aquatics,1,0,0,0,0
arborio,1,0,0,0,0
archaeologically,0,0,0,0,1
arch-enemy,1,0,0,0,0
arced,0,0,1,0,0
archbishop,1,0,0,0,0
archaeological,0,1,0,0,0
archivist,1,0,0,0,0
archer,1,0,0,0,0
Arcadian,0,1,0,0,0
arenaceous,0,1,0,0,0
argue,0,0,1,0,0
arbitrator,1,0,0,0,0
archaism,1,0,0,0,0
arduousness,1,0,0,0,0
architrave,1,0,0,0,0
areolae,0,0,0,0,0
areal,0,1,0,0,0
arcing,0,0,1,0,0
archpriest,1,0,0,0,0
arête,1,0,0,0,0
Arcadia,1,0,0,0,0
Ares,1,0,0,0,0
archduke,1,0,0,0,0
archival,0,1,0,0,0
archetypal,0,1,0,0,0
archiving,0,1,1,0,0
archipelago,1,0,0,0,0
arc,1,0,1,0,0
arduous,0,1,0,0,0
archetype,1,1,0,0,0
Argentina,1,0,0,0,0
argan oil,1,0,0,0,0
area franchisee,1,0,0,0,0
arena,1,0,0,0,0
archdeacon,1,0,0,0,0
arborist,1,0,0,0,0
archly,0,0,0,0,1
ardent,0,1,0,0,0
arch,1,1,1,0,0
argon,1,0,0,0,0
archdiocese,1,0,0,0,0
archeology,1,0,0,0,0
archery,1,0,0,0,0
archive,1,1,1,0,0
ardour,1,0,0,0,0
arduously,0,0,0,0,1
Archimedes,1,0,0,0,0
areola,1,0,0,0,0
ardently,0,0,0,0,1
area franchise,1,0,0,0,0
archetypically,0,0,0,0,1
Argentinian,1,1,0,0,0
arcade,1,0,0,0,0
archaic,0,1,0,0,0
arcuate,0,1,0,0,0
argumentation,1,0,0,0,0
argued,0,0,1,0,0
archived,0,1,1,0,0
area,1,0,0,0,0
archaeology,1,1,0,0,0
argument,1,0,0,0,0
aria,1,0,0,0,0
archangel,1,0,0,0,0
argy-bargy,1,0,0,0,0
Argyll,1,0,0,0,0
Argyll and Bute,1,0,0,0,0
ariary,1,0,0,0,0
Arctic,1,1,0,0,0
armature,1,0,0,0,0
argot,1,0,0,0,0
arm candy,1,0,0,0,0
armchair,1,1,0,0,0
arising,0,0,0,0,0
arm-twisting,1,0,0,0,0
aren't,0,0,0,0,0
area code,1,0,0,0,0
aridity,1,0,0,0,0
ardor,1,0,0,0,0
arithmetically,0,0,0,0,1
archway,1,0,0,0,0
Arian,1,1,0,0,0
argumentative,0,1,0,0,0
Aristotle,1,0,0,0,0
arid,0,1,0,0,0
arguably,0,0,0,0,1
argumentatively,0,0,0,0,1
arguing,0,0,1,0,0
arisen,0,0,0,0,0
arcus,1,0,0,0,0
argyle,1,0,0,0,0
arise,0,0,1,0,0
arm's-length,0,1,0,0,0
Arizona,1,0,0,0,0
arithmetic mean,1,0,0,0,0
armada,1,0,0,0,0
Arkansas,1,0,0,0,0
armband,1,0,0,0,0
armament,1,0,0,0,0
aristocracy,1,1,0,0,0
area studies,1,0,0,0,0
Arkansan,1,1,0,0,0
arithmetic progression,1,0,0,0,0
aright,0,0,0,0,1
arguable,0,1,0,0,0
Aries,1,0,0,0,0
Armageddon,1,0,0,0,0
arm,1,0,1,0,0
armillary sphere,1,0,0,0,0
arithmetic,1,1,0,0,1
aristocrat,1,0,0,0,0
armhole,1,0,0,0,0
armor,1,0,0,0,0
armored car,1,0,0,0,0
armpit,1,0,0,0,0
armful,1,0,0,0,0
Armenian,1,1,0,0,0
arms control,1,0,0,0,0
arms,1,0,0,0,0
Armenia,1,0,0,0,0
armored personnel carrier,1,0,0,0,0
arms race,1,0,0,0,0
army,1,0,0,0,0
arose,0,0,1,0,0
aromatherapy,1,0,0,0,0
armoured car,1,0,0,0,0
aromatic,0,1,0,0,0
armrest,1,0,0,0,0
arithmetical,0,1,0,0,0
arnica,1,0,0,0,0
armored,0,1,0,0,0
armorer,1,0,0,0,0
armoury,1,0,0,0,0
armour-plated,0,1,0,0,0
armload,1,0,0,0,0
arm-wrestling,1,0,0,0,0
armourer,1,0,0,0,0
around,0,1,0,0,1
aroma,1,1,0,0,0
arming,0,0,1,0,0
armory,1,0,0,0,0
army surplus store,1,0,0,0,0
armoured,0,1,0,0,0
army-navy store,1,0,0,0,0
armour,1,0,0,0,0
army surplus,1,0,0,0,0
army disposals store,1,0,0,0,0
aromatherapeutic,0,1,0,0,0
armor-plated,0,1,0,0,0
around-the-clock,0,1,0,0,0
Arnold-Chiari malformation,1,0,0,0,0
armoured personnel carrier,1,0,0,0,0
armistice,1,0,0,0,0
arousing,1,0,1,0,0
arpeggio,1,0,0,0,0
ARLA,1,0,0,0,0
aristocratic,0,1,0,0,0
aromatherapist,1,0,0,0,0
arouse,0,0,1,0,0
arousal,1,0,0,0,0
ARPU,1,0,0,0,0
arrestable,0,1,0,0,0
armed robbery,1,0,0,0,0
arr.,1,0,0,0,0
ARPKD,1,0,0,0,0
arraignment,1,0,0,0,0
arraigning,1,0,1,0,0
arraign,1,0,1,0,0
arresting,0,1,0,0,0
arraying,0,0,1,0,0
arranged marriage,1,0,0,0,0
arrant,0,1,0,0,0
arrangement,1,0,0,0,0
arrive,0,0,1,1,0
arse,1,0,0,0,0
arraigned,1,0,1,0,0
arranger,1,0,0,0,0
Arrhenius acid,1,0,0,0,0
arrears,1,0,0,0,0
arrhythmia,1,0,0,0,0
arrayed,0,1,0,0,0
arrow key,1,0,0,0,0
array,1,0,1,0,0
arrogance,1,0,0,0,0
Arrhenius base,1,0,0,0,0
arriviste,1,0,0,0,0
arranging,1,0,1,0,0
arrogate,0,0,1,0,0
Artemis,1,0,0,0,0
artesian well,1,0,0,0,0
arrange,1,0,1,0,0
arthrotomy,1,0,0,0,0
artfulness,1,0,0,0,0
arrogant,1,1,0,0,1
arthroscopy,1,0,0,0,0
arranged,1,0,1,0,0
arrival,1,0,0,0,0
arrowhead,1,0,0,0,0
arse-licker,1,0,0,0,0
arrest,1,0,1,0,0
arroyo,1,0,0,0,0
arrogating,0,0,1,0,0
arrived,0,0,1,0,0
arrested,0,0,1,0,0
art gallery,1,0,0,0,0
arson,1,0,0,0,0
arsed,0,1,0,0,0
art house,1,0,0,0,0
arterial,0,1,0,0,0
arsehole,1,0,0,0,0
artefact,1,0,0,0,0
arteriole,1,0,0,0,0
arrow,1,0,0,0,0
arteriovenous malformation,1,0,0,0,0
artfully,0,0,0,0,1
arthouse,0,1,0,0,0
arteria,1,0,0,0,0
arthritis,1,1,0,0,0
arthrodesis,1,0,0,0,0
arteriae,0,0,0,0,0
arthritic,1,1,0,0,0
arthropod,1,0,0,0,0
arsonist,1,0,0,0,0
articled clerk,1,0,0,0,0
articles of association,1,0,0,0,0
art,1,0,1,0,0
arrogated,0,0,1,0,0
arrondissement,1,0,0,0,0
arsenic,1,0,0,0,0
arrowroot,1,0,0,0,0
arsenal,1,0,0,0,0
artic,1,0,0,0,0
art nouveau,1,0,0,0,0
arriving,0,0,1,0,0
arthrosis,1,0,0,0,0
articularis,0,0,0,0,0
articular,0,1,0,0,0
artery,1,0,0,0,0
art deco,1,0,0,0,0
artisanal,0,1,0,0,0
arts and crafts,1,0,0,0,0
artificial intelligence,1,0,0,0,0
artistic,0,1,0,0,1
articulate,0,1,1,0,0
artificial selection,1,0,0,0,0
articulately,0,0,0,0,1
artichoke,1,0,0,0,0
articles of incorporation,1,0,0,0,0
artsy,0,1,0,0,0
articulateness,1,0,0,0,0
artifice burglary,1,0,0,0,0
artillery,1,0,0,0,0
artificiality,1,0,0,0,0
articulated,0,1,0,0,0
article,1,0,0,0,0
articulation,1,0,0,0,0
artifice,1,0,0,0,0
articulating,0,0,1,0,0
artificially,0,0,0,0,1
articled,0,1,0,0,0
artificial respiration,1,0,0,0,0
artificial insemination,1,0,0,0,0
article of faith,1,0,0,0,0
artsy-fartsy,0,1,0,0,0
artistic property,1,0,0,0,0
artistically,0,0,0,0,1
arts,0,0,0,0,0
artist,1,0,0,0,0
artlessness,1,0,0,0,0
artifact,1,0,0,0,0
artless,0,1,0,0,0
artlessly,0,0,0,0,1
articulatory,0,1,0,0,0
artifice burglar,1,0,0,0,0
artificial,1,1,0,0,1
artsy-craftsy,0,1,0,0,0
artwork,1,0,0,0,0
arty-crafty,0,1,0,0,0
artificial person,1,0,0,0,0
artificer,1,0,0,0,0
arty-farty,0,1,0,0,0
artisan,1,1,0,0,0
Aryan,1,1,0,0,0
arvo,1,0,0,0,0
artiste,1,0,0,0,0
arty,0,1,0,0,0
arugula,1,0,0,0,0
arytenoid,0,1,0,0,0
artistry,1,0,0,0,0
AS level,1,0,0,0,0
as,0,0,0,0,1
arteriosclerosis,1,0,0,0,0
asbestosis,1,0,0,0,0
ASAP,0,0,0,0,1
ascribe,0,0,1,1,0
asexual,0,1,0,0,0
ASB,1,0,0,0,0
asbestos,1,0,0,0,0
ascend,0,0,1,0,0
ascent,1,0,0,0,0
asexuality,1,0,0,0,0
Ascension Day,1,0,0,0,0
ascetic,1,1,0,0,0
ascended,0,0,1,0,0
ascorbic acid,1,0,0,0,0
Ash Wednesday,1,0,0,0,0
ASCII,1,0,0,0,0
ascot,1,0,0,0,0
ashcan,1,0,0,0,0
ascendancy,1,0,0,0,0
asceticism,1,0,0,0,0
ASEAN,1,0,0,0,0
ash,1,0,0,0,0
aseptic,0,1,0,0,0
asemic,0,1,0,0,0
ascertain,0,0,1,0,0
ascending,0,1,0,0,0
ascetically,0,0,0,0,1
asexual reproduction,1,0,0,0,0
ash blonde,1,1,0,0,0
ashen,0,1,0,0,0
asexually,0,0,0,0,1
Ashkenazic,0,1,0,0,0
Asian Development Bank,1,0,0,0,0
asked price,1,0,0,0,0
askew,0,1,0,0,1
ashram,1,0,0,0,0
ashtray,1,0,0,0,0
ashamed,0,1,0,0,0
asocial,0,1,0,0,0
ascertaining,0,0,1,0,0
ascendant,1,0,0,0,0
asp,1,0,0,0,0
ASIS,1,0,0,0,0
asphalt,1,0,1,0,0
Asiatic,0,1,0,0,0
Asia,1,0,0,0,0
asking,0,0,1,0,0
ask,0,0,1,1,0
ashes,0,0,0,0,0
asinine,0,1,0,0,0
Asian option,1,0,0,0,0
Asperger's syndrome,1,0,0,0,0
asparagus,1,0,0,0,0
ashore,0,0,0,0,1
ASBO,1,0,0,0,0
Asian,1,1,0,0,0
Asian tiger,1,0,0,0,0
asking price,1,0,0,0,0
ASMR,1,0,0,0,0
aspartame,1,0,0,0,0
ascription,1,0,0,0,0
ashy,0,1,0,0,0
ascertained,0,0,1,0,0
aside,1,0,0,0,1
aspersions,1,0,0,0,0
aspect,1,0,0,0,0
ask price,1,0,0,0,0
aspen,1,0,0,0,0
askance,0,0,0,0,1
asked,0,0,1,0,0
asperity,1,0,0,0,0
asleep,0,1,0,0,0
ascribe,0,0,1,1,0
asphalting,1,0,0,0,0
aspire,0,0,1,1,0
assembly language,1,0,0,0,0
aspirated,0,0,1,0,0
assailing,0,0,1,0,0
asphyxiating,1,0,1,0,0
ass,1,0,0,0,0
assassin,1,0,0,0,0
asphyxiated,1,0,1,0,0
aspirin,1,0,0,0,0
assault,1,0,1,0,0
assassinate,1,0,1,0,0
aspirational,0,1,0,0,0
assaulting,0,0,1,0,0
assassinated,0,0,1,0,0
aspirate,1,0,1,0,0
assay office,1,0,0,0,0
assayer,1,0,1,0,0
assembler,1,0,0,0,0
assembly,1,0,0,0,0
aspirant,1,0,0,0,0
assembly line,1,0,0,0,0
aspirational brand,1,0,0,0,0
aspirating,0,0,1,0,0
assassination,1,0,0,0,0
asphyxia,1,0,0,0,0
aspiration,1,0,0,0,0
aspidistra,1,0,0,0,0
assaulted,0,0,1,0,0
aspic,1,0,0,0,0
assailant,1,0,0,0,0
assail,0,0,1,0,0
assay,1,0,1,0,0
assault course,1,0,0,0,0
assaying,1,0,1,0,0
assemble,0,0,1,0,0
assemblage,1,0,0,0,0
asphalted,0,0,1,0,0
asphyxiate,1,0,1,0,0
assembled,0,0,1,0,0
assayed,1,0,1,0,0
assembling,0,0,1,0,0
assailed,0,0,1,0,0
assembly plant,1,0,0,0,0
assembly point,1,0,0,0,0
assessment centre,1,0,0,0,0
assessed value,1,0,0,0,0
assenting,0,0,1,0,0
assented,0,0,1,0,0
assertion,1,0,0,0,0
assert,1,0,1,0,0
asset inflation,1,0,0,0,0
asset appreciation,1,0,0,0,0
assent,1,0,1,0,0
assiduity,1,0,0,0,0
asset value,1,0,0,0,0
asset volatility,1,0,0,0,0
assemblywoman,1,0,0,0,0
asset manager,1,0,0,0,0
asset-stripper,1,0,0,0,0
asset backing,1,0,0,0,0
asserting,0,0,1,0,0
assertively,0,0,0,0,1
asset shuffling,1,0,0,0,0
assertiveness,1,0,0,0,0
asserted,0,0,1,0,0
asset-stripping,1,0,0,0,0
asset deflation,1,0,0,0,0
assessable income,1,0,0,0,0
asset coverage,1,0,0,0,0
assemblyman,1,0,0,0,0
asset cover,1,0,0,0,0
asphyxiation,1,0,0,0,0
assets under management,1,0,0,0,0
assessment,1,0,0,0,0
assessor,1,0,0,0,0
asset mix,1,0,0,0,0
asshole,1,0,0,0,0
asset-backed,0,1,0,0,0
assess,1,0,1,0,0
asset base,1,0,0,0,0
assertive,1,1,0,0,1
assessed,0,0,1,0,0
assessee,1,0,0,0,0
assertiveness training,1,0,0,0,0
asset,1,0,0,0,0
assiduousness,1,0,0,0,0
assembly worker,1,0,0,0,0
assiduous,0,1,0,0,0
asset chopping,1,0,0,0,0
assiduously,0,0,0,0,1
assignee in bankruptcy,1,0,0,0,0
asset value per share,1,0,0,0,0
assign,0,0,1,1,0
assigned,0,0,1,0,0
assimilated,0,1,1,0,0
assessing,0,0,1,0,0
assignation,1,0,0,0,0
assigned risk,1,0,0,0,0
associate professor,1,0,0,0,0
assignee,1,0,0,0,0
assimilable,0,1,0,0,0
assimilate,0,0,1,0,0
assignor,1,0,0,0,0
assignment clause,1,0,0,0,0
assimilating,0,1,1,0,0
assisted,0,0,1,0,0
assistant,1,1,0,0,0
assistive,0,1,0,0,0
assisted area,1,0,0,0,0
assigning,0,0,1,0,0
associate's degree,1,0,0,0,0
Assoc.,1,0,0,0,0
assisted living,1,0,0,0,0
asset turnover ratio,1,0,0,0,0
associate degree,1,0,0,0,0
Assn,1,0,0,0,0
assisted suicide,1,0,0,0,0
Association of South-East Asian Nations,1,0,0,0,0
assortment,1,0,0,0,0
assignment,1,0,0,0,0
associative property,1,0,0,0,0
assonance,1,0,0,0,0
associated,0,1,0,0,0
assumptive selling,1,0,0,0,0
Asst,0,1,0,0,0
assorted,0,1,0,0,0
assumption,1,0,0,0,0
assure,0,0,1,0,0
assumed liabilities,1,0,0,0,0
asset management,1,0,0,0,0
assuming,0,0,1,0,0
astound,0,0,1,0,0
astonish,1,0,1,0,0
assuming (that),0,0,0,0,0
assumed debt,1,0,0,0,0
assured,1,1,0,0,0
assurer,1,0,0,0,0
assured value,1,0,0,0,0
astigmatic,0,1,0,0,0
assort,0,0,1,0,0
assuring,0,0,1,0,0
astonishing,0,1,0,0,0
assuage,0,0,1,0,0
assuaged,0,0,1,0,0
assumed name,1,0,0,0,0
assuaging,0,0,1,0,0
assist,1,0,1,0,0
astrakhan,1,0,0,0,0
associating,0,0,1,0,0
assisted living facility,1,0,0,0,0
assured tenancy,1,0,0,0,0
astounded,0,1,0,0,0
astatine,1,0,0,0,0
assimilation,1,0,0,0,0
astonished,0,1,0,0,0
astern,0,0,0,0,1
asthma,1,0,0,0,0
asthmatic,1,1,0,0,0
asterisk,1,0,1,0,0
assistance,1,0,0,0,0
assistant referee,1,0,0,0,0
astigmatism,1,0,0,0,0
asteroid,1,0,0,0,0
astonishingly,0,0,0,0,1
astonishment,1,0,0,0,0
assumed,0,0,1,0,0
aster,1,0,0,0,0
association,1,0,0,0,0
asterisking,0,0,1,0,0
asthmatically,0,0,0,0,1
astounding,0,1,0,0,0
assuredly,0,0,0,0,1
assurance,1,0,0,0,0
asterisked,0,0,1,0,0
assume,0,0,1,0,0
astoundingly,0,0,0,0,1
assizes,1,0,0,0,0
assisting,0,0,1,0,0
associated company,1,0,0,0,0
associate,1,1,1,0,0
association football,1,0,0,0,0
astir,0,1,0,0,0
astray,0,0,0,0,1
astral,0,1,0,0,0
asymmetrically,0,0,0,0,1
astride,0,0,0,0,1
astronomically,0,0,0,0,1
astrology,1,0,0,0,0
astro-,0,0,0,0,0
astronautics,1,0,0,0,0
astutely,0,0,0,0,1
astral plane,1,0,0,0,0
astronaut,1,0,0,0,0
asymmetric,0,1,0,0,0
astroturfing,1,0,0,0,0
asymmetrical,0,1,0,0,0
astrological,0,1,0,0,0
asunder,0,0,0,0,1
asylum,1,0,0,0,0
asynchronous transfer mode,1,0,0,0,0
asymptote,1,0,0,0,0
astringent,1,1,0,0,0
astringency,1,0,0,0,0
asymptotic,0,1,0,0,0
astronomical,0,1,0,0,0
astuteness,1,0,0,0,0
astringently,0,0,0,0,1
at call,0,0,0,0,1
astronomy,1,0,0,0,0
at all,0,0,0,0,1
at par,0,0,0,0,1
at sight,0,0,0,0,1
astrophysics,1,0,0,0,0
asymptomatic,0,1,0,0,0
at-the-money option,1,0,0,0,0
astrologer,1,0,0,0,0
at-risk,0,1,0,0,0
asymmetric bars,1,0,0,0,0
asylum seeker,1,0,0,0,0
astrophysical,0,1,0,0,0
astronomer,1,0,0,0,0
AstroTurf,1,0,0,0,0
at-home,0,1,0,0,0
asynchronous,0,1,0,0,0
astrophysicist,1,0,0,0,0
asymmetrical septal hypertrophy,1,0,0,0,0
atavistic,0,1,0,0,0
ATA carnet,1,0,0,0,0
Athens,1,0,0,0,0
atishoo,0,0,0,0,0
atheism,1,0,0,0,0
atheromata,0,0,0,0,0
ataxia,1,0,0,0,0
athlete's foot,1,0,0,0,0
atmospheric pressure,1,0,0,0,0
ate,0,0,1,0,0
atlas,1,0,0,0,0
atom,1,0,0,0,0
atherosclerosis,1,0,0,0,0
athleisure,1,0,0,0,0
atheist,1,1,0,0,0
athlete,1,0,0,0,0
atm,1,0,0,0,0
athletic supporter,1,0,0,0,0
Athena,1,0,0,0,0
at,0,0,0,0,0
atomic mass unit,1,0,0,0,0
ATM card,1,0,0,0,0
atavism,1,0,0,0,0
ATC,1,0,0,0,0
Atlanta,1,0,0,0,0
Atkins diet,1,0,0,0,0
atmospherics,1,0,0,0,0
atomic,0,1,0,0,0
-ative,0,0,0,0,0
-athon,0,0,0,0,0
astrolabe,1,0,0,0,0
athletic,0,1,0,0,0
atheroma,1,0,0,0,0
athleticism,1,0,0,0,0
atelier,1,0,0,0,0
Atlantic,1,1,0,0,0
atmospheric,0,1,0,0,0
atomic number,1,0,0,0,0
-ation,0,0,0,0,0
atmosphere,1,0,0,0,0
athletics,1,0,0,0,0
astute,0,1,0,0,0
Atomic Energy Authority,1,0,0,0,0
ATL,1,0,0,0,0
atom bomb,1,0,0,0,0
asymmetry,1,0,0,0,0
atomic bomb,1,0,0,0,0
atomic weight,1,0,0,0,0
atoll,1,0,0,0,0
atomic mass,1,0,0,0,0
attach,0,0,1,1,0
attaché case,1,0,0,0,0
atonal,0,1,0,0,0
attachment disorder,1,0,0,0,0
atrocity,1,0,0,0,0
atrociously,0,0,0,0,1
atrioventricular nodal reentrant tachycardia,1,0,0,0,0
atomized,0,1,0,0,0
atomistic,0,1,0,0,0
atonement,1,0,0,0,0
atropine,1,0,0,0,0
ATP,1,0,0,0,0
atrial,0,1,0,0,0
attachment parenting,1,0,0,0,0
atone,0,0,1,0,0
atria,0,0,0,0,0
attaché,1,0,0,0,0
attacked,0,0,1,0,0
atrophying,1,0,1,0,0
attached,0,1,0,0,0
atop,0,0,0,0,0
attaching,0,0,1,0,0
attack,1,0,1,0,0
attacking,0,0,1,0,0
atopic,0,1,0,0,0
atrial fibrillation,1,0,0,0,0
atrial septal defect,1,0,0,0,0
atrioventricular,0,1,0,0,0
atrophied,1,0,1,0,0
atomicity,1,0,0,0,0
atrium,1,0,0,0,0
attachment,1,0,0,0,0
atomize,0,0,1,0,0
atrial flutter,1,0,0,0,0
atrocious,0,1,0,0,0
attacker,1,0,0,0,0
atrophy,1,0,1,0,0
attainable,0,1,0,0,0
attained,0,0,1,0,0
atomically,0,0,0,0,1
attainment,1,0,0,0,0
attaining,0,0,1,0,0
attend,0,0,1,1,0
attendance bonus,1,0,0,0,0
attended,0,0,1,0,0
attendance record,1,0,0,0,0
attention deficit hyperactivity disorder,1,0,0,0,0
attenuated,0,1,0,0,0
attenuating,0,1,0,0,0
attractive,0,1,0,0,1
attitude,1,0,0,0,0
attempting,0,0,1,0,0
attention span,1,0,0,0,0
attracting,0,0,1,0,0
attempted,0,1,0,0,0
attraction,1,0,0,0,0
atomizer,1,0,0,0,0
attested copy,1,0,0,0,0
attest,1,0,1,0,0
attenuation,1,0,0,0,0
attentive,0,1,0,0,1
attending,0,0,1,0,0
attired,0,1,0,0,0
attain,1,1,1,0,0
attentiveness,1,0,0,0,0
attn,0,0,0,0,0
attendee,1,0,0,0,0
attitudinal,0,1,0,0,0
attract,0,0,1,0,0
attention,1,0,0,0,0
attestation,1,0,0,0,0
attesting,0,0,1,0,0
attentively,0,0,0,0,1
attribute,0,0,1,1,0
attempt,1,0,1,0,0
attic,1,0,0,0,0
attributable,0,1,0,0,0
attested,0,0,1,0,0
attribution,1,0,0,0,0
attorney,1,0,0,0,0
attractiveness,1,0,0,0,0
au pair,1,0,0,0,0
atypical lipoma,1,0,0,0,0
auctioned,0,0,1,0,0
audiologist,1,0,0,0,0
audience research,1,0,0,0,0
audibly,0,0,0,0,1
aubretia,1,0,0,0,0
auction house,1,0,0,0,0
audiobook,1,0,0,0,0
aubergine,1,0,0,0,0
audacious,0,1,0,0,0
audible,0,1,0,0,1
audio-visual,0,1,0,0,0
auction of promises,1,0,0,0,0
attendance,1,0,0,0,0
auction,1,0,1,0,0
audience flow,1,0,0,0,0
audacity,1,0,0,0,0
audiocassette,1,0,0,0,0
attuned to,0,1,0,0,0
audience,1,0,0,0,0
audaciously,0,0,0,0,1
attuned,0,1,0,0,0
attributable profit,1,0,0,0,0
attorney-at-law,1,0,0,0,0
attrition,1,0,0,0,0
atypical,0,1,0,0,0
auctioneer,1,0,0,0,0
attire,1,1,0,0,0
auction ring,1,0,0,0,0
au gratin,0,1,0,0,0
attributive,0,1,0,0,0
augmented intelligence,1,0,0,0,0
augmenting,1,0,1,0,0
audaciousness,1,0,0,0,0
Auld Lang Syne,1,0,0,0,0
aunt,1,0,0,0,0
aural,0,1,0,0,0
augur,0,0,1,0,0
audit office,1,0,0,0,0
auditor's report,1,0,0,0,0
audit failure,1,0,0,0,0
audited,0,0,1,0,0
audiotape,1,0,0,0,0
auger,1,0,0,0,0
auditoria,0,0,0,0,0
augured,0,0,1,0,0
audio-conferencing,1,0,0,0,0
AUM,1,0,0,0,0
attributively,0,0,0,0,1
august,1,1,0,0,0
auntie,1,0,0,0,0
aught,0,0,0,0,0
audit report,1,0,0,0,0
auditor,1,0,0,0,0
attune,0,0,1,0,0
auburn,1,1,0,0,0
auditory nerve,1,0,0,0,0
attractively,0,0,0,0,1
auditory,0,1,0,0,0
augment,0,0,1,0,0
auditory brainstem implant,1,0,0,0,0
audiological,0,1,0,0,0
augury,1,0,0,0,0
auguring,0,0,1,0,0
augmented product,1,0,0,0,0
augmentation,1,0,0,0,0
audiovisual,0,1,0,0,0
auricularis,1,0,0,0,0
audition,1,0,1,0,0
ATV,1,0,0,0,0
auditing,0,0,1,0,0
Australopithecus,1,0,0,0,0
audiology,1,0,0,0,0
auditioning,0,0,1,0,0
augmented reality,1,0,0,0,0
auditioned,0,0,1,0,0
Aussie Rules,1,0,0,0,0
Austria,1,0,0,0,0
Australia,1,0,0,0,0
auctioning,0,0,1,0,0
auricle,1,0,0,0,0
authentication,1,0,0,0,0
autarchy,1,0,0,0,0
auteur,1,0,0,0,0
authoritarian,1,1,0,0,0
Aug.,0,0,0,0,0
auriferous,0,1,0,0,0
aureole,1,0,0,0,0
authoritative,0,1,0,0,1
aurora,1,0,0,0,0
authority,1,0,0,0,0
augmented,1,0,1,0,0
auspicious,0,1,0,0,0
audited accounts,1,0,0,0,0
auspices,1,0,0,0,0
audit,1,0,1,0,0
austerity measures,1,0,0,0,0
authorization code,1,0,0,0,0
Australasian,1,1,0,0,0
authorized investment fund,1,0,0,0,0
Australian,1,1,0,0,0
author,1,0,1,0,0
austere,0,1,0,0,0
autodial,1,0,1,0,0
aura,1,0,0,0,0
Australasia,1,0,0,0,0
austerely,0,0,0,0,1
auto parts,1,0,0,0,0
auditorium,1,0,0,0,0
audit trail,1,0,0,0,0
authoritarianism,1,0,0,0,0
autoclave,1,0,1,0,0
authorization,1,0,0,0,0
auroral,0,1,0,0,0
authorized issue,1,0,0,0,0
autocracy,1,1,0,0,0
autocratically,0,0,0,0,1
authorized stock,1,0,0,0,0
austerity,1,0,0,0,0
authorized shares,1,0,0,0,0
authenticating,1,0,1,0,0
authorized,0,0,0,0,0
authoritatively,0,0,0,0,1
auriculares,0,0,0,0,0
auto expense,1,0,0,0,0
autarky,1,0,0,0,0
autocratic,0,1,0,0,0
authorized share capital,1,0,0,0,0
authorized fund,1,0,0,0,0
auto insurance,1,0,0,0,0
autographing,0,0,1,0,0
auto,1,1,0,0,0
authentic,1,1,0,0,0
autoeroticism,1,0,0,0,0
auto-financing,0,1,0,0,0
autodidactic,0,1,0,0,0
austerity budget,1,0,0,0,0
authorizing,0,0,1,0,0
Aussie,1,1,0,0,0
Australian Rules,1,0,0,0,0
autocross,1,0,0,0,0
autistic,0,1,0,0,0
autistic spectrum disorder,1,0,0,0,0
authorial,0,1,0,0,0
Austrian,1,1,0,0,0
autocorrect,1,0,0,0,0
autoimmune pancreatitis,1,0,0,0,0
autistic spectrum,1,0,0,0,0
auto-reply,1,0,0,0,0
auto-injector,1,0,0,0,0
authorship,1,0,0,0,0
authentically,0,0,0,0,1
Australian Capital Territory,1,0,0,0,0
authored,0,0,1,0,0
autism,1,1,0,0,0
autobiographer,1,0,0,0,0
Australian English,1,0,0,0,0
autoimmune disease,1,0,0,0,0
automat,1,0,0,0,0
autoresponder,1,0,0,0,0
automata,0,0,0,0,0
autograft,1,0,0,0,0
autonomous investment,1,0,0,0,0
autoclaved,0,0,1,0,0
autosomal dominant polycystic kidney disease,1,0,0,0,0
autobahn,1,0,0,0,0
autumn,1,0,0,0,0
automaton,1,0,0,0,0
automative,0,1,0,0,0
autosomal recessive polycystic kidney disease,1,0,0,0,0
autoimmune liver disease,1,0,0,0,0
automated teller machine,1,0,0,0,0
authenticity,1,0,0,0,0
automobile insurance,1,0,0,0,0
auspiciously,0,0,0,0,1
autotune,0,0,1,0,0
autobiographical,0,1,0,0,0
autodialler,1,0,0,0,0
autoimmune,0,1,0,0,0
automatic pilot,1,0,0,0,0
autumnal,0,1,0,0,0
automatic teller machine,1,0,0,0,0
automated,0,1,0,0,0
authorized capital,1,0,0,0,0
avaricious,0,1,0,0,0
auxiliary verb,1,0,0,0,0
availability,1,0,0,0,0
auxiliary,1,1,0,0,0
avail,1,0,1,0,0
average adjuster,1,0,0,0,0
autocrat,1,0,0,0,0
automate,0,1,1,0,0
automatic,1,1,0,0,0
avenger,1,0,0,0,0
automatic check-off,1,0,0,0,0
autorickshaw,1,0,0,0,0
autophagy,1,0,0,0,0
auxiliary nurse,1,0,0,0,0
autopsy,1,0,0,0,0
automobile,1,0,0,0,0
average salary,1,0,0,0,0
automatic transmission,1,0,0,0,0
automating,1,1,1,0,0
AV,0,1,0,0,0
Ave,1,0,0,0,0
average pay,1,0,0,0,0
avenging,1,0,1,0,0
average,0,0,1,1,0
avenge,0,0,1,0,0
available,1,1,0,0,0
aval,1,0,0,0,0
avidly,0,0,0,0,1
avocation,1,0,0,0,0
average stock,1,0,0,0,0
average audience rating,1,0,0,0,0
avowedly,0,0,0,0,1
avatar,1,0,0,0,0
average daily cost,1,0,0,0,0
averted,0,0,1,0,0
average wage,1,0,0,0,0
aviator glasses,1,0,0,0,0
avidity,1,0,0,0,0
avoidance,1,0,0,0,0
avoidable,0,1,0,0,0
avert,0,0,1,0,0
avariciously,0,0,0,0,1
average date,1,0,0,0,0
avowed,0,1,0,0,1
avuncular,0,1,0,0,0
averaged,0,0,1,0,0
aviary,1,0,0,0,0
auxin,1,0,0,0,0
averaging,1,0,0,0,0
aver,0,0,1,0,0
averse,0,1,0,0,0
await,0,0,1,0,0
Avon,1,0,0,0,0
avian,0,1,0,0,0
avo,1,0,0,0,0
average earnings index,1,0,0,0,0
aversion,1,0,0,0,0
avowing,0,0,1,0,0
availed,0,0,1,0,0
avoided,0,0,1,0,0
avenged,1,0,1,0,0
average revenue per user,1,0,0,0,0
averagely,0,0,0,0,1
avian flu,1,0,0,0,0
avoiding,0,0,1,0,0
aversion therapy,1,0,0,0,0
average revenue,1,0,0,0,0
avarice,1,1,0,0,0
avoirdupois,1,0,0,0,0
avionic,0,1,0,0,0
availing,0,0,1,0,0
average rate,1,0,0,0,0
average clause,1,0,0,0,0
average earnings,1,0,0,0,0
average,0,0,1,1,0
aviation insurance,1,0,0,0,0
avowal,1,0,0,0,0
averred,0,0,0,0,0
average income,1,0,0,0,0
avocado,1,0,0,0,0
avid,0,1,0,0,1
avenue,1,0,0,0,0
AVM,1,0,0,0,0
avoid,1,0,1,0,0
averring,0,0,0,0,0
avionics,1,0,0,0,0
aw shucks,0,1,0,0,0
average statement,1,0,0,0,0
avalanche,1,0,0,0,0
aversive,0,1,0,0,0
aviator,1,0,0,0,0
average daily sales,1,0,0,0,0
avow,0,0,1,0,0
awaited,0,0,1,0,0
avail,0,0,1,1,0
awaking,0,0,0,0,0
awaken,0,0,1,0,0
averting,0,0,1,0,0
aw,0,0,0,0,0
awaiting,0,0,1,0,0
awakening,1,0,0,0,0
awake brain surgery,1,0,0,0,0
awesomesauce,0,1,0,0,0
awarded,0,0,1,0,0
awarding,1,0,0,0,0
awning,1,0,0,0,0
award wage,1,0,0,0,0
awkwardly,0,0,0,0,1
awake,0,1,1,0,0
axes,1,0,0,0,0
awardee,1,0,0,0,0
ax,1,0,1,0,0
awe,1,0,1,0,0
awayday,1,0,0,0,0
awfulness,1,0,0,0,0
award-winning,0,1,0,0,0
AWOL,0,1,0,0,0
aweigh,0,0,0,0,1
aweing,0,0,0,0,0
axed,0,0,1,0,0
awesomely,0,0,0,0,1
awe-inspiring,0,1,0,0,0
awesome,0,1,0,0,0
awoken,0,0,1,0,0
away,0,1,0,0,1
awl,1,0,0,0,0
awesomeness,1,0,0,0,0
aware,1,1,0,0,0
awoke,0,0,1,0,0
axial,0,1,0,0,0
awestruck,0,1,0,0,0
awry,0,1,0,0,1
axil,1,0,0,0,0
awareness,1,0,0,0,0
awed,0,1,0,0,0
axilla,1,0,0,0,0
Axis Powers,1,0,0,0,0
axing,0,0,1,0,0
Ayrshire,1,0,0,0,0
AZ,0,0,0,0,0
axiomatic,0,1,0,0,0
aye,1,0,0,0,1
Ayurvedic medicine,1,0,0,0,0
axolotl,1,0,0,0,0
Azerbaijani,1,1,0,0,0
axle,1,0,0,0,0
axillae,0,0,0,0,0
awaken,0,0,1,1,0
azygous,0,1,0,0,0
axis,1,0,0,0,0
awhile,0,0,0,0,1
azalea,1,0,0,0,0
axiomatically,0,0,0,0,1
axe,1,0,1,0,0
axon,1,0,0,0,0
axiom,1,0,0,0,0
azure,1,1,0,0,0
AZT,1,0,0,0,0
award,1,0,1,0,0
Azeri,1,0,0,0,0
Azerbaijan,1,0,0,0,0
awakened,0,0,1,0,0
azimuth,1,0,0,0,0
awkward,1,1,0,0,0
awful,0,1,0,0,0
azuki,1,0,0,0,0
b,1,0,0,0,0
B and B,1,0,0,0,0
B-list,0,1,0,0,0
awkwardness,1,0,0,0,0
B-lister,1,0,0,0,0
B-to-E,0,1,0,0,0
B share,1,0,0,0,0
B-to-G,1,1,0,0,0
B-movie,1,0,0,0,0
B/L,1,0,0,0,0
B-side,1,0,0,0,0
B, b,1,0,0,0,0
B-to-B,1,1,0,0,0
baa,1,0,1,0,0
B-school,1,0,0,0,0
B2B exchange,1,0,0,0,0
b/e,1,0,0,0,0
babe,1,0,0,0,0
bab,1,0,0,0,0
B-to-C,1,1,0,0,0
babes in arms,0,0,0,0,0
B2C,1,1,0,0,0
baby daddy,1,0,0,0,0
B2B,1,1,0,0,0
b/f,0,0,0,0,0
baby carriage,1,0,0,0,0
baby fat,1,0,0,0,0
B2E,0,1,0,0,0
baby bond,1,0,0,0,0
baby boom,1,1,0,0,0
babe in arms,1,0,0,0,0
baby monitor,1,0,0,0,0
BA,1,0,0,0,0
babel,1,0,0,0,0
B2G,1,1,0,0,0
babbling,0,0,1,0,0
baba ghanoush,1,0,0,0,0
baby brain,1,0,0,0,0
babble,1,0,1,0,0
babbled,0,0,1,0,0
baboon,1,0,0,0,0
babied,0,0,1,0,0
baby formula,1,0,0,0,0
baby step,1,0,0,0,0
baby shower,1,0,0,0,0
baby wipe,1,0,0,0,0
baby tooth,1,0,0,0,0
babyccino,1,0,0,0,0
baba,1,0,0,0,0
babyhood,1,0,0,0,0
bachelor pad,1,0,0,0,0
bacilli,0,0,0,0,0
baby talk,1,0,0,0,0
B variant GM2 gangliosidosis,1,0,0,0,0
Babygro,1,0,0,0,0
babysitting agency,1,0,0,0,0
babyish,0,1,0,0,0
back order,1,0,1,0,0
babysat,0,0,0,0,0
bachelorette party,1,0,0,0,0
babymoon,1,0,0,0,0
back door,1,0,0,0,0
babying,0,0,1,0,0
Bachelor of Business Administration,1,0,0,0,0
Bacchus,1,0,0,0,0
baccy,1,0,0,0,0
bachelorette,1,1,0,0,0
bachelor,1,0,0,0,0
bachelor's degree,1,0,0,0,0
baccalaureate,1,0,0,0,0
babysitting,1,0,0,0,0
baby blues,1,0,0,0,0
babysit,1,0,1,0,0
baby,1,0,1,0,0
back alley,1,0,0,0,0
bachelor apartment,1,0,0,0,0
baby milk,1,0,0,0,0
bacillus,1,0,0,0,0
back catalogue,1,0,0,0,0
babysitter,1,0,0,0,0
back,0,0,1,1,0
back office,1,0,0,0,0
back four,1,0,0,0,0
baby-boomer,1,1,0,0,0
back pass,1,0,0,0,0
back pay,1,0,0,0,0
back copy,1,0,0,0,0
babysitting service,1,0,0,0,0
back passage,1,0,0,0,0
bachelor party,1,0,0,0,0
back saw,1,0,0,0,0
bacchanalian,0,1,0,0,0
back talk,1,0,0,0,0
back story,1,0,0,0,0
back-alley abortion,1,0,0,0,0
back end,1,1,0,0,0
backboard,1,0,0,0,0
backchannel,1,0,1,0,0
backcomb,0,0,1,0,0
backbeat,1,0,0,0,0
backchat,1,0,0,0,0
backdated,0,0,1,0,0
backbone,1,0,0,0,0
backbench,1,0,0,0,0
back-to-back,0,1,0,0,1
back seat,1,0,0,0,0
back-to-back loan,1,0,0,0,0
back tax,1,0,0,0,0
back-channel,1,1,0,0,0
backbencher,1,0,0,0,0
back road,1,0,0,0,0
backbreaking,0,1,0,0,0
backdate,0,0,1,0,0
backcombing,0,0,1,0,0
backbiting,1,0,0,0,0
backache,1,0,0,0,0
back-end loading,1,0,0,0,0
backdating,0,0,1,0,0
back-end load,1,0,0,0,0
backbite,0,0,1,0,0
back shift,1,0,0,0,0
backbone network,1,0,0,0,0
backcountry,1,0,0,0,0
backcombed,0,0,1,0,0
backdoor,0,1,0,0,0
backed bill,1,0,0,0,0
backdrop,1,0,0,0,0
backed up,0,1,0,0,0
-backed,0,0,0,0,0
backgammon,1,0,0,0,0
background radiation,1,0,0,0,0
backhander,1,0,0,0,0
backhand,1,0,0,0,0
backpedalled,0,0,0,0,0
backpedalling,0,0,0,0,0
backlist,1,0,0,0,0
backlit,0,1,0,0,0
backpacking,1,0,0,0,0
backpedal,0,0,1,0,0
backloading,1,0,0,0,0
backside,1,0,0,0,0
backhaul,1,0,0,0,0
backslide,0,0,1,0,0
backpacked,0,0,1,0,0
backfire,0,0,1,0,0
backfiring,0,0,1,0,0
backie,1,0,0,0,0
backheel,1,0,1,0,0
backing,1,0,0,0,0
backload,1,0,1,0,0
backstage,0,1,0,0,1
backer,1,0,0,0,0
backpack,1,0,1,0,0
backslapping,1,0,0,0,0
backstabbing,1,1,0,0,0
backroom,1,1,0,0,0
bad debt provision,1,0,0,0,0
bad bank,1,0,0,0,0
backup withholding,1,0,0,0,0
backstabber,1,0,0,0,0
backward integration,1,0,0,0,0
bacteriological,0,1,0,0,0
backstop,1,0,0,0,0
backstroke,1,0,0,0,0
bad asset,1,0,0,0,0
backtracked,0,0,1,0,0
backfired,0,0,1,0,0
background,1,1,0,0,0
backward-looking,0,1,0,0,0
baddy,1,0,0,0,0
backspace,1,0,1,0,0
backtick,1,0,0,0,0
backhoe,1,0,0,0,0
bafflement,1,0,0,0,0
backstreet abortion,1,0,0,0,0
backhanded,0,1,0,0,0
bad,1,1,0,0,1
bad breath,1,0,0,0,0
backup software,1,0,0,0,0
bade,0,0,1,0,0
bad-mouth,0,0,1,0,0
backfill,1,0,1,0,0
bagel,1,0,0,0,0
badly off,0,1,0,0,0
bad faith,1,1,0,0,0
backroom boys,1,0,0,0,0
bad debt,1,0,0,0,0
badger,1,0,1,0,0
bag drop,1,0,0,0,0
bad title,1,0,0,0,0
badgering,0,0,1,0,0
badging,1,0,0,0,0
Bactrian,1,1,0,0,0
badlands,1,0,0,0,0
baggage claim,1,0,0,0,0
badmouthed,0,0,1,0,0
baggage handler,1,0,0,0,0
badass,1,1,0,0,0
baffled,1,1,1,0,0
badgered,0,0,1,0,0
bad feeling,1,0,0,0,0
backyard,1,0,0,0,0
bad hair day,1,0,0,0,0
BACS,1,0,0,0,0
baffle,0,1,1,0,0
bacteriologist,1,0,0,0,0
bad debt recovery,1,0,0,0,0
badness,1,0,0,0,0
bacteriophage,1,0,0,0,0
backup,1,1,0,0,0
bad language,1,0,0,0,0
bacon,1,0,0,0,0
bae,1,0,0,0,0
backseat,1,0,0,0,0
bacterium,1,0,0,0,0
backwater,1,0,0,0,0
bag for life,1,0,0,0,0
badly,0,0,0,0,1
backflip,1,0,1,0,0
backslash,1,0,0,0,0
backtracking,0,0,1,0,0
backtrack,0,0,1,0,0
bagful,1,0,0,0,0
baggage,1,0,0,0,0
bad investment,1,0,0,0,0
bacteriology,1,0,0,0,0
bag,1,0,1,0,0
baggage car,1,0,0,0,0
bacteria,1,0,0,0,0
badge,0,0,1,1,0
baggage allowance,1,0,0,0,0
bagatelle,1,0,0,0,0
backstreet,0,1,0,0,0
bad lot,1,0,0,0,0
bag of bones,1,0,0,0,0
bad blood,1,0,0,0,0
badminton,1,0,0,0,0
bagpipe,0,1,0,0,0
bagsy,0,0,1,0,0
bail,0,0,1,1,0
badged,0,1,0,0,0
baggage room,1,0,0,0,0
backwards,0,0,0,0,1
bad-tempered,0,1,0,0,0
bails,1,0,0,0,0
backward compatible,0,1,0,0,0
bailing,0,0,1,0,0
Bahraini,1,1,0,0,0
badmouthing,0,0,1,0,0
bad loan,1,0,0,0,0
bagging,0,0,0,0,0
bailee,1,0,0,0,0
backstreets,1,0,0,0,0
Bahamian,1,1,0,0,0
baggy,0,1,0,0,0
bailable,0,1,0,0,0
bagger,1,0,0,0,0
bah,0,0,0,0,0
bagman,1,0,0,0,0
backward,0,1,0,0,1
bak,0,0,0,0,0
bain-marie,1,0,0,0,0
bairn,1,0,0,0,0
Bahasa Malaysia,1,0,0,0,0
backwardness,1,0,0,0,0
bacterial,0,1,0,0,0
baited,1,0,1,0,0
bailed,0,0,1,0,0
bailout,1,0,0,0,0
badinage,1,0,0,0,0
bailiff,1,0,0,0,0
bailiwick,1,0,0,0,0
bailment,1,0,0,0,0
baiter,1,0,0,0,0
bagged,0,0,0,0,0
bagpipes,1,0,0,0,0
baguette,1,0,0,0,0
bait-and-switch,1,0,0,0,0
-baiting,0,0,0,0,0
bait,1,0,1,0,0
bake,1,0,1,0,0
bail bond,1,0,0,0,0
baht,1,0,0,0,0
baked Alaska,1,0,0,0,0
bake sale,1,0,0,0,0
bailey,1,0,0,0,0
baked goods,1,0,0,0,0
Bakelite,1,0,0,0,0
baked potato,1,0,0,0,0
balance,0,0,1,1,0
bailor,1,0,0,0,0
baking tray,1,0,0,0,0
Bakewell tart,1,0,0,0,0
baking soda,1,0,0,0,0
baking sheet,1,0,0,0,0
baked,0,0,1,0,0
Bahrain,1,0,0,0,0
balalaika,1,0,0,0,0
baksheesh,1,0,0,0,0
balance of payments,1,0,0,0,0
balance of payments current account,1,0,0,0,0
balance carried down,1,0,0,0,0
